Hour,Date,True_Price,Forecast_Price,PSO_Action,PSO_SOC,PSO_Instant_Profit,PSO_Cumulative_Profit,PPO_Action,PPO_SOC,PPO_Instant_Profit,PPO_Cumulative_Profit
0,2024-01-01,107.09,107.09,-2.0,0.09999999999999998,162.7768,162.7768,-2.0,0.09999999999999998,162.7768,162.7768
1,2024-01-01,104.0,104.0,-1.1995545963532546,0.09999999999999998,-0.0,162.7768,-2.0,0.09999999999999998,-0.0,162.7768
2,2024-01-01,100.0,100.0,-2.0,0.09999999999999998,-0.0,162.7768,-2.0,0.09999999999999998,-0.0,162.7768
3,2024-01-01,85.66,85.66,-0.7881045366753101,0.09999999999999998,-0.0,162.7768,1.8000000000000003,0.5275000000000001,-154.18800000000002,8.588799999999992
4,2024-01-01,85.0,85.0,-2.0,0.09999999999999998,-0.0,162.7768,1.8000000000000003,0.9,-133.3157894736842,-124.7269894736842
5,2024-01-01,85.53,85.53,2.0,0.575,-171.06,-8.283199999999994,1.8000000000000003,0.9,-0.0,-124.7269894736842
6,2024-01-01,95.07,95.07,2.0,0.9,-130.09578947368422,-138.37898947368421,1.8000000000000003,0.9,-0.0,-124.7269894736842
7,2024-01-01,104.07,104.07,1.3305762779524433,0.9,-0.0,-138.37898947368421,1.8000000000000003,0.9,-0.0,-124.7269894736842
8,2024-01-01,106.95,106.95,0.695427976068073,0.9,-0.0,-138.37898947368421,-2.0,0.37368421052631584,213.9,89.1730105263158
9,2024-01-01,107.08,107.08,2.0,0.9,-0.0,-138.37898947368421,-2.0,0.09999999999999998,111.36320000000002,200.5362105263158
10,2024-01-01,104.0,104.0,-2.0,0.37368421052631584,208.0,69.62101052631579,-2.0,0.09999999999999998,-0.0,200.5362105263158
11,2024-01-01,98.13,98.13,2.0,0.8486842105263158,-196.26,-126.6389894736842,-2.0,0.09999999999999998,-0.0,200.5362105263158
12,2024-01-01,101.55,101.55,-0.002193635959880359,0.8486842105263158,-0.0,-126.6389894736842,-2.0,0.09999999999999998,-0.0,200.5362105263158
13,2024-01-01,98.16,98.16,2.0,0.9,-21.209085872576175,-147.84807534626037,1.8000000000000003,0.5275000000000001,-176.68800000000002,23.848210526315796
14,2024-01-01,98.17,98.17,1.9999860943739192,0.9,-0.0,-147.84807534626037,1.8000000000000003,0.9,-153.97189473684207,-130.12368421052628
15,2024-01-01,105.54,105.54,2.0,0.9,-0.0,-147.84807534626037,1.8000000000000003,0.9,-0.0,-130.12368421052628
16,2024-01-01,110.0,110.0,1.1199603721875735,0.9,-0.0,-147.84807534626037,1.8000000000000003,0.9,-0.0,-130.12368421052628
17,2024-01-01,120.04,120.04,2.0,0.9,-0.0,-147.84807534626037,1.8000000000000003,0.9,-0.0,-130.12368421052628
18,2024-01-01,131.5,131.5,-1.2000006467163402,0.5842103561272789,157.80008504319875,9.952009696938376,-2.0,0.37368421052631584,263.0,132.87631578947372
19,2024-01-01,132.0,132.0,-2.0,0.09999999999999998,242.8799146334431,252.83192433038147,-2.0,0.09999999999999998,137.28000000000003,270.15631578947375
20,2024-01-01,127.75,127.75,-1.931114337822537,0.09999999999999998,-0.0,252.83192433038147,-2.0,0.09999999999999998,-0.0,270.15631578947375
21,2024-01-01,113.48,113.48,-0.23208758623569617,0.09999999999999998,-0.0,252.83192433038147,-2.0,0.09999999999999998,-0.0,270.15631578947375
22,2024-01-01,109.18,109.18,-2.0,0.09999999999999998,-0.0,252.83192433038147,-2.0,0.09999999999999998,-0.0,270.15631578947375
23,2024-01-01,107.2,107.2,-2.0,0.09999999999999998,-0.0,252.83192433038147,-2.0,0.09999999999999998,-0.0,270.15631578947375
24,2024-01-02,105.49,105.49,-2.0,0.09999999999999998,-0.0,252.83192433038147,-2.0,0.09999999999999998,-0.0,270.15631578947375
25,2024-01-02,90.09,90.09,-2.0,0.09999999999999998,-0.0,252.83192433038147,1.8000000000000003,0.5275000000000001,-162.16200000000003,107.99431578947372
26,2024-01-02,84.27,84.27,2.0,0.575,-168.54,84.29192433038148,1.8000000000000003,0.9,-132.17084210526312,-24.176526315789403
27,2024-01-02,84.27,84.27,2.0,0.9,-115.31684210526318,-31.0249177748817,1.8000000000000003,0.9,-0.0,-24.176526315789403
28,2024-01-02,84.27,84.27,0.12776500937106952,0.9,-0.0,-31.0249177748817,1.8000000000000003,0.9,-0.0,-24.176526315789403
29,2024-01-02,100.0,100.0,2.0,0.9,-0.0,-31.0249177748817,1.8000000000000003,0.9,-0.0,-24.176526315789403
30,2024-01-02,108.28,108.28,2.0,0.9,-0.0,-31.0249177748817,1.8000000000000003,0.9,-0.0,-24.176526315789403
31,2024-01-02,113.85,113.85,2.0,0.9,-0.0,-31.0249177748817,1.8000000000000003,0.9,-0.0,-24.176526315789403
32,2024-01-02,126.9,126.9,-2.0,0.37368421052631584,253.8,222.7750822251183,-2.0,0.37368421052631584,253.8,229.6234736842106
33,2024-01-02,119.5,119.5,-2.0,0.09999999999999998,124.28000000000003,347.0550822251183,-2.0,0.09999999999999998,124.28000000000003,353.90347368421067
34,2024-01-02,110.6,110.6,-0.8780035984739063,0.09999999999999998,-0.0,347.0550822251183,-2.0,0.09999999999999998,-0.0,353.90347368421067
35,2024-01-02,108.28,108.28,-0.6315538521078303,0.09999999999999998,-0.0,347.0550822251183,-2.0,0.09999999999999998,-0.0,353.90347368421067
36,2024-01-02,105.88,105.88,1.3684210526158636,0.42499999999626753,-144.88842105096762,202.1666611741507,-2.0,0.09999999999999998,-0.0,353.90347368421067
37,2024-01-02,100.15,100.15,2.0,0.8999999999962676,-200.3,1.8666611741506927,1.8000000000000003,0.5275000000000001,-180.27000000000004,173.63347368421063
38,2024-01-02,108.28,108.28,1.9031367935123218,0.8999999999962676,-0.0,1.8666611741506927,1.8000000000000003,0.9,-169.82863157894735,3.804842105263276
39,2024-01-02,110.0,110.0,2.0,0.8999999999962676,-0.0,1.8666611741506927,1.8000000000000003,0.9,-0.0,3.804842105263276
40,2024-01-02,112.8,112.8,1.1739576559907636,0.8999999999962676,-0.0,1.8666611741506927,1.8000000000000003,0.9,-0.0,3.804842105263276
41,2024-01-02,129.99,129.99,-2.0,0.3736842105225834,259.98,261.8466611741507,-2.0,0.37368421052631584,259.98,263.7848421052633
42,2024-01-02,130.0,130.0,-2.0,0.09999999999999998,135.19999999815622,397.0466611723069,-2.0,0.09999999999999998,135.20000000000005,398.98484210526334
43,2024-01-02,124.29,124.29,-2.0,0.09999999999999998,-0.0,397.0466611723069,-2.0,0.09999999999999998,-0.0,398.98484210526334
44,2024-01-02,111.26,111.26,-0.43981764273714247,0.09999999999999998,-0.0,397.0466611723069,-2.0,0.09999999999999998,-0.0,398.98484210526334
45,2024-01-02,108.28,108.28,-1.1848263213524264,0.09999999999999998,-0.0,397.0466611723069,-2.0,0.09999999999999998,-0.0,398.98484210526334
46,2024-01-02,106.0,106.0,-2.0,0.09999999999999998,-0.0,397.0466611723069,-2.0,0.09999999999999998,-0.0,398.98484210526334
47,2024-01-02,92.41,92.41,-1.359213805922819,0.09999999999999998,-0.0,397.0466611723069,-2.0,0.09999999999999998,-0.0,398.98484210526334
48,2024-01-03,82.5,82.5,-2.0,0.09999999999999998,-0.0,397.0466611723069,-2.0,0.09999999999999998,-0.0,398.98484210526334
49,2024-01-03,70.1,70.1,-1.9524989588538908,0.09999999999999998,-0.0,397.0466611723069,-2.0,0.09999999999999998,-0.0,398.98484210526334
50,2024-01-03,50.21346,50.21346,-0.06771234504518761,0.09999999999999998,-0.0,397.0466611723069,1.8000000000000003,0.5275000000000001,-90.38422800000001,308.60061410526333
51,2024-01-03,40.0,40.0,2.0,0.575,-80.0,317.0466611723069,1.8000000000000003,0.9,-62.73684210526315,245.86377200000018
52,2024-01-03,50.0,50.0,2.0,0.9,-68.42105263157896,248.62560854072797,1.8000000000000003,0.9,-0.0,245.86377200000018
53,2024-01-03,75.0,75.0,2.0,0.9,-0.0,248.62560854072797,1.8000000000000003,0.9,-0.0,245.86377200000018
54,2024-01-03,95.46,95.46,2.0,0.9,-0.0,248.62560854072797,1.8000000000000003,0.9,-0.0,245.86377200000018
55,2024-01-03,108.28,108.28,1.31361258116452,0.9,-0.0,248.62560854072797,1.8000000000000003,0.9,-0.0,245.86377200000018
56,2024-01-03,114.99561,114.99561,-2.0,0.37368421052631584,229.99122,478.61682854072797,-2.0,0.37368421052631584,229.99122,475.85499200000015
57,2024-01-03,113.34489,113.34489,-2.0,0.09999999999999998,117.87868560000004,596.495514140728,-2.0,0.09999999999999998,117.87868560000004,593.7336776000002
58,2024-01-03,107.85233,107.85233,-2.0,0.09999999999999998,-0.0,596.495514140728,-2.0,0.09999999999999998,-0.0,593.7336776000002
59,2024-01-03,105.0,105.0,-0.7361972048666691,0.09999999999999998,-0.0,596.495514140728,-2.0,0.09999999999999998,-0.0,593.7336776000002
60,2024-01-03,92.04644,92.04644,1.3684210557005965,0.4250000007288916,-125.95828659828162,470.5372275424464,1.8000000000000003,0.5275000000000001,-165.68359200000003,428.05008560000016
61,2024-01-03,91.59366,91.59366,2.0,0.9,-183.1873197188975,287.34990782354885,1.8000000000000003,0.9,-143.65742463157892,284.39266096842124
62,2024-01-03,97.50897,97.50897,2.0,0.9,-0.0,287.34990782354885,1.8000000000000003,0.9,-0.0,284.39266096842124
63,2024-01-03,106.02775,106.02775,0.5305667949893366,0.9,-0.0,287.34990782354885,1.8000000000000003,0.9,-0.0,284.39266096842124
64,2024-01-03,109.7411,109.7411,2.0,0.9,-0.0,287.34990782354885,1.8000000000000003,0.9,-0.0,284.39266096842124
65,2024-01-03,115.81,115.81,-2.0,0.37368421052631584,231.62,518.9699078235489,-2.0,0.37368421052631584,231.62,516.0126609684212
66,2024-01-03,115.81,115.81,-1.8568955476769042,0.09999999999999998,120.44240000000003,639.4123078235489,-2.0,0.09999999999999998,120.44240000000003,636.4550609684212
67,2024-01-03,115.81,115.81,-0.5259330298156765,0.09999999999999998,-0.0,639.4123078235489,-2.0,0.09999999999999998,-0.0,636.4550609684212
68,2024-01-03,109.0,109.0,-0.36068368098385345,0.09999999999999998,-0.0,639.4123078235489,-2.0,0.09999999999999998,-0.0,636.4550609684212
69,2024-01-03,106.0,106.0,-2.0,0.09999999999999998,-0.0,639.4123078235489,-2.0,0.09999999999999998,-0.0,636.4550609684212
70,2024-01-03,101.46,101.46,-2.0,0.09999999999999998,-0.0,639.4123078235489,-2.0,0.09999999999999998,-0.0,636.4550609684212
71,2024-01-03,82.59,82.59,-2.0,0.09999999999999998,-0.0,639.4123078235489,-2.0,0.09999999999999998,-0.0,636.4550609684212
72,2024-01-04,74.19,74.19,-2.0,0.09999999999999998,-0.0,639.4123078235489,-2.0,0.09999999999999998,-0.0,636.4550609684212
73,2024-01-04,65.0,65.0,-2.0,0.09999999999999998,-0.0,639.4123078235489,-2.0,0.09999999999999998,-0.0,636.4550609684212
74,2024-01-04,40.0,40.0,1.3684210526315712,0.4249999999999981,-54.73684210526285,584.675465718286,1.8000000000000003,0.5275000000000001,-72.00000000000001,564.4550609684212
75,2024-01-04,35.19694,35.19694,2.0,0.8999999999999981,-70.39388,514.281585718286,1.8000000000000003,0.9,-55.20362168421052,509.2514392842107
76,2024-01-04,49.39,49.39,2.0,0.8999999999999981,-0.0,514.281585718286,1.8000000000000003,0.9,-0.0,509.2514392842107
77,2024-01-04,70.1,70.1,2.0,0.8999999999999981,-0.0,514.281585718286,1.8000000000000003,0.9,-0.0,509.2514392842107
78,2024-01-04,97.61,97.61,2.0,0.8999999999999981,-0.0,514.281585718286,1.8000000000000003,0.9,-0.0,509.2514392842107
79,2024-01-04,106.51,106.51,2.0,0.8999999999999981,-0.0,514.281585718286,-2.0,0.37368421052631584,213.02,722.2714392842107
80,2024-01-04,109.49416,109.49416,-2.0,0.37368421052631395,218.98832,733.269905718286,-2.0,0.09999999999999998,113.87392640000002,836.1453656842107
81,2024-01-04,107.23976,107.23976,-2.0,0.09999999999999998,111.52935039999927,844.7992561182854,-2.0,0.09999999999999998,-0.0,836.1453656842107
82,2024-01-04,94.35704,94.35704,-2.0,0.09999999999999998,-0.0,844.7992561182854,-2.0,0.09999999999999998,-0.0,836.1453656842107
83,2024-01-04,87.10039,87.10039,-0.9810461110930273,0.09999999999999998,-0.0,844.7992561182854,-2.0,0.09999999999999998,-0.0,836.1453656842107
84,2024-01-04,83.81886,83.81886,2.0,0.575,-167.63772,677.1615361182853,1.8000000000000003,0.5275000000000001,-150.873948,685.2714176842106
85,2024-01-04,85.96413,85.96413,2.0,0.9,-117.63512526315792,559.5264108551274,1.8000000000000003,0.9,-134.82795126315787,550.4434664210528
86,2024-01-04,92.11054,92.11054,2.0,0.9,-0.0,559.5264108551274,1.8000000000000003,0.9,-0.0,550.4434664210528
87,2024-01-04,103.34,103.34,2.0,0.9,-0.0,559.5264108551274,1.8000000000000003,0.9,-0.0,550.4434664210528
88,2024-01-04,110.02,110.02,1.4975645411612666,0.9,-0.0,559.5264108551274,1.8000000000000003,0.9,-0.0,550.4434664210528
89,2024-01-04,116.87,116.87,0.17071106542624562,0.9,-0.0,559.5264108551274,-2.0,0.37368421052631584,233.74,784.1834664210528
90,2024-01-04,118.1,118.1,-2.0,0.37368421052631584,236.2,795.7264108551274,-2.0,0.09999999999999998,122.82400000000003,907.0074664210529
91,2024-01-04,118.1,118.1,-2.0,0.09999999999999998,122.82400000000003,918.5504108551274,-2.0,0.09999999999999998,-0.0,907.0074664210529
92,2024-01-04,112.99,112.99,-1.480677996046486,0.09999999999999998,-0.0,918.5504108551274,-2.0,0.09999999999999998,-0.0,907.0074664210529
93,2024-01-04,107.05,107.05,-2.0,0.09999999999999998,-0.0,918.5504108551274,-2.0,0.09999999999999998,-0.0,907.0074664210529
94,2024-01-04,105.59,105.59,-1.9234984459548654,0.09999999999999998,-0.0,918.5504108551274,-2.0,0.09999999999999998,-0.0,907.0074664210529
95,2024-01-04,97.98,97.98,-1.2084040102255462,0.09999999999999998,-0.0,918.5504108551274,-2.0,0.09999999999999998,-0.0,907.0074664210529
96,2024-01-05,86.07515,86.07515,-1.6242202152475904,0.09999999999999998,-0.0,918.5504108551274,-2.0,0.09999999999999998,-0.0,907.0074664210529
97,2024-01-05,88.96,88.96,-1.8811014433330464,0.09999999999999998,-0.0,918.5504108551274,-2.0,0.09999999999999998,-0.0,907.0074664210529
98,2024-01-05,78.5,78.5,2.0,0.575,-157.0,761.5504108551274,1.8000000000000003,0.5275000000000001,-141.3,765.7074664210529
99,2024-01-05,78.5,78.5,2.0,0.9,-107.42105263157897,654.1293582235485,1.8000000000000003,0.9,-123.12105263157893,642.586413789474
100,2024-01-05,79.39,79.39,2.0,0.9,-0.0,654.1293582235485,1.8000000000000003,0.9,-0.0,642.586413789474
101,2024-01-05,79.6,79.6,2.0,0.9,-0.0,654.1293582235485,1.8000000000000003,0.9,-0.0,642.586413789474
102,2024-01-05,103.46,103.46,1.8937626909355054,0.9,-0.0,654.1293582235485,1.8000000000000003,0.9,-0.0,642.586413789474
103,2024-01-05,111.19,111.19,2.0,0.9,-0.0,654.1293582235485,1.8000000000000003,0.9,-0.0,642.586413789474
104,2024-01-05,115.0,115.0,1.8568199069382056,0.9,-0.0,654.1293582235485,1.8000000000000003,0.9,-0.0,642.586413789474
105,2024-01-05,120.4,120.4,1.5050847919707506,0.9,-0.0,654.1293582235485,1.8000000000000003,0.9,-0.0,642.586413789474
106,2024-01-05,114.72,114.72,2.0,0.9,-0.0,654.1293582235485,1.8000000000000003,0.9,-0.0,642.586413789474
107,2024-01-05,112.68327,112.68327,1.538946380070887,0.9,-0.0,654.1293582235485,1.8000000000000003,0.9,-0.0,642.586413789474
108,2024-01-05,112.30081,112.30081,0.056088894727289285,0.9,-0.0,654.1293582235485,1.8000000000000003,0.9,-0.0,642.586413789474
109,2024-01-05,110.68838,110.68838,2.0,0.9,-0.0,654.1293582235485,1.8000000000000003,0.9,-0.0,642.586413789474
110,2024-01-05,111.85887,111.85887,1.1254760434816709,0.9,-0.0,654.1293582235485,1.8000000000000003,0.9,-0.0,642.586413789474
111,2024-01-05,112.01889,112.01889,2.0,0.9,-0.0,654.1293582235485,1.8000000000000003,0.9,-0.0,642.586413789474
112,2024-01-05,113.85,113.85,2.0,0.9,-0.0,654.1293582235485,1.8000000000000003,0.9,-0.0,642.586413789474
113,2024-01-05,120.0,120.0,-2.0,0.37368421052631584,240.0,894.1293582235485,-2.0,0.37368421052631584,240.0,882.586413789474
114,2024-01-05,119.66,119.66,-1.979368337233876,0.09999999999999998,124.44640000000003,1018.5757582235485,-2.0,0.09999999999999998,124.44640000000003,1007.0328137894741
115,2024-01-05,115.81,115.81,-2.0,0.09999999999999998,-0.0,1018.5757582235485,-2.0,0.09999999999999998,-0.0,1007.0328137894741
116,2024-01-05,111.0,111.0,-0.9742968658485714,0.09999999999999998,-0.0,1018.5757582235485,-2.0,0.09999999999999998,-0.0,1007.0328137894741
117,2024-01-05,110.0,110.0,-1.9913820779732248,0.09999999999999998,-0.0,1018.5757582235485,-2.0,0.09999999999999998,-0.0,1007.0328137894741
118,2024-01-05,104.84,104.84,-2.0,0.09999999999999998,-0.0,1018.5757582235485,-2.0,0.09999999999999998,-0.0,1007.0328137894741
119,2024-01-05,86.8,86.8,2.0,0.575,-173.6,844.9757582235485,-2.0,0.09999999999999998,-0.0,1007.0328137894741
120,2024-01-06,97.5,97.5,-0.001015774562192609,0.575,-0.0,844.9757582235485,-2.0,0.09999999999999998,-0.0,1007.0328137894741
121,2024-01-06,97.67,97.67,-2.0,0.09999999999999992,176.29435,1021.2701082235485,-2.0,0.09999999999999998,-0.0,1007.0328137894741
122,2024-01-06,93.0,93.0,-1.1005409870366258,0.09999999999999992,-0.0,1021.2701082235485,-2.0,0.09999999999999998,-0.0,1007.0328137894741
123,2024-01-06,93.0,93.0,-2.0,0.09999999999999992,-0.0,1021.2701082235485,-2.0,0.09999999999999998,-0.0,1007.0328137894741
124,2024-01-06,89.7,89.7,2.0,0.575,-179.4,841.8701082235485,-2.0,0.09999999999999998,-0.0,1007.0328137894741
125,2024-01-06,89.47,89.47,2.0,0.9,-122.4326315789474,719.4374766446011,1.8000000000000003,0.5275000000000001,-161.04600000000002,845.986813789474
126,2024-01-06,91.96,91.96,1.9932172013378884,0.9,-0.0,719.4374766446011,1.8000000000000003,0.9,-144.23199999999997,701.754813789474
127,2024-01-06,96.75,96.75,2.0,0.9,-0.0,719.4374766446011,1.8000000000000003,0.9,-0.0,701.754813789474
128,2024-01-06,94.66,94.66,2.0,0.9,-0.0,719.4374766446011,1.8000000000000003,0.9,-0.0,701.754813789474
129,2024-01-06,100.5,100.5,0.6182515165131737,0.9,-0.0,719.4374766446011,1.8000000000000003,0.9,-0.0,701.754813789474
130,2024-01-06,103.46,103.46,2.0,0.9,-0.0,719.4374766446011,1.8000000000000003,0.9,-0.0,701.754813789474
131,2024-01-06,103.0,103.0,2.0,0.9,-0.0,719.4374766446011,1.8000000000000003,0.9,-0.0,701.754813789474
132,2024-01-06,103.46,103.46,1.1492379667137278,0.9,-0.0,719.4374766446011,1.8000000000000003,0.9,-0.0,701.754813789474
133,2024-01-06,100.5,100.5,1.9474451825361898,0.9,-0.0,719.4374766446011,1.8000000000000003,0.9,-0.0,701.754813789474
134,2024-01-06,100.25,100.25,2.0,0.9,-0.0,719.4374766446011,1.8000000000000003,0.9,-0.0,701.754813789474
135,2024-01-06,103.0,103.0,2.0,0.9,-0.0,719.4374766446011,1.8000000000000003,0.9,-0.0,701.754813789474
136,2024-01-06,103.0,103.0,2.0,0.9,-0.0,719.4374766446011,1.8000000000000003,0.9,-0.0,701.754813789474
137,2024-01-06,111.65,111.65,1.6252808290496572,0.9,-0.0,719.4374766446011,1.8000000000000003,0.9,-0.0,701.754813789474
138,2024-01-06,114.9,114.9,-1.2000000228939958,0.5842105202910537,137.88000263052012,857.3174792751213,-2.0,0.37368421052631584,229.8,931.5548137894741
139,2024-01-06,116.97,116.97,-1.980005705761564,0.09999999999999998,215.2247973220893,1072.5422765972105,-2.0,0.09999999999999998,121.64880000000002,1053.203613789474
140,2024-01-06,111.69,111.69,-2.0,0.09999999999999998,-0.0,1072.5422765972105,-2.0,0.09999999999999998,-0.0,1053.203613789474
141,2024-01-06,110.06,110.06,-0.9812533653778724,0.09999999999999998,-0.0,1072.5422765972105,-2.0,0.09999999999999998,-0.0,1053.203613789474
142,2024-01-06,103.0,103.0,-1.9125991848202843,0.09999999999999998,-0.0,1072.5422765972105,-2.0,0.09999999999999998,-0.0,1053.203613789474
143,2024-01-06,88.5,88.5,2.0,0.575,-177.0,895.5422765972105,-2.0,0.09999999999999998,-0.0,1053.203613789474
144,2024-01-07,96.85,96.85,-2.0,0.09999999999999992,174.81425,1070.3565265972104,-2.0,0.09999999999999998,-0.0,1053.203613789474
145,2024-01-07,96.58,96.58,-1.0699487731238693,0.09999999999999992,-0.0,1070.3565265972104,-2.0,0.09999999999999998,-0.0,1053.203613789474
146,2024-01-07,93.8,93.8,-2.0,0.09999999999999992,-0.0,1070.3565265972104,-2.0,0.09999999999999998,-0.0,1053.203613789474
147,2024-01-07,93.8,93.8,-2.0,0.09999999999999992,-0.0,1070.3565265972104,1.8000000000000003,0.5275000000000001,-168.84000000000003,884.363613789474
148,2024-01-07,85.93,85.93,-2.0,0.09999999999999992,-0.0,1070.3565265972104,1.8000000000000003,0.9,-134.77442105263157,749.5891927368425
149,2024-01-07,84.3,84.3,2.0,0.575,-168.6,901.7565265972104,1.8000000000000003,0.9,-0.0,749.5891927368425
150,2024-01-07,85.0,85.0,2.0,0.9,-116.31578947368423,785.4407371235261,1.8000000000000003,0.9,-0.0,749.5891927368425
151,2024-01-07,102.27,102.27,-1.9996651902768905,0.3737723183481867,204.50575900961758,989.9464961331437,-2.0,0.37368421052631584,204.54,954.1291927368425
152,2024-01-07,100.55,100.55,-2.0,0.09999999999999998,104.60566511765866,1094.5521612508023,-2.0,0.09999999999999998,104.57200000000002,1058.7011927368426
153,2024-01-07,101.19,101.19,-0.5223283207655185,0.09999999999999998,-0.0,1094.5521612508023,-2.0,0.09999999999999998,-0.0,1058.7011927368426
154,2024-01-07,96.0,96.0,-1.9304705513480243,0.09999999999999998,-0.0,1094.5521612508023,-2.0,0.09999999999999998,-0.0,1058.7011927368426
155,2024-01-07,96.0,96.0,-2.0,0.09999999999999998,-0.0,1094.5521612508023,-2.0,0.09999999999999998,-0.0,1058.7011927368426
156,2024-01-07,95.65,95.65,-2.0,0.09999999999999998,-0.0,1094.5521612508023,-2.0,0.09999999999999998,-0.0,1058.7011927368426
157,2024-01-07,88.0,88.0,1.36842105263165,0.42500000000001686,-120.4210526315852,974.1311086192171,-2.0,0.09999999999999998,-0.0,1058.7011927368426
158,2024-01-07,84.34138,84.34138,2.0,0.9,-168.68275999999403,805.4483486192231,1.8000000000000003,0.5275000000000001,-151.81448400000002,906.8867087368426
159,2024-01-07,88.32,88.32,2.0,0.9,-0.0,805.4483486192231,1.8000000000000003,0.9,-138.52294736842103,768.3637613684216
160,2024-01-07,97.95,97.95,2.0,0.9,-0.0,805.4483486192231,1.8000000000000003,0.9,-0.0,768.3637613684216
161,2024-01-07,108.87,108.87,0.8730380629292619,0.9,-0.0,805.4483486192231,-2.0,0.37368421052631584,217.74,986.1037613684216
162,2024-01-07,109.49,109.49,2.0,0.9,-0.0,805.4483486192231,-2.0,0.09999999999999998,113.86960000000002,1099.9733613684216
163,2024-01-07,110.53,110.53,-2.0,0.37368421052631584,221.06,1026.5083486192232,-2.0,0.09999999999999998,-0.0,1099.9733613684216
164,2024-01-07,110.0,110.0,-1.989891963196032,0.09999999999999998,114.40000000000003,1140.9083486192233,-2.0,0.09999999999999998,-0.0,1099.9733613684216
165,2024-01-07,109.0,109.0,-2.0,0.09999999999999998,-0.0,1140.9083486192233,-2.0,0.09999999999999998,-0.0,1099.9733613684216
166,2024-01-07,102.47,102.47,-2.0,0.09999999999999998,-0.0,1140.9083486192233,-2.0,0.09999999999999998,-0.0,1099.9733613684216
167,2024-01-07,93.8,93.8,-0.6000492705767002,0.09999999999999998,-0.0,1140.9083486192233,-2.0,0.09999999999999998,-0.0,1099.9733613684216
168,2024-01-08,87.6,87.6,-1.9706477842564663,0.09999999999999998,-0.0,1140.9083486192233,-2.0,0.09999999999999998,-0.0,1099.9733613684216
169,2024-01-08,85.28,85.28,2.0,0.575,-170.56,970.3483486192233,1.8000000000000003,0.5275000000000001,-153.50400000000002,946.4693613684216
170,2024-01-08,85.28,85.28,2.0,0.9,-116.69894736842107,853.6494012508023,1.8000000000000003,0.9,-133.75494736842103,812.7144140000005
171,2024-01-08,90.79,90.79,0.3366421797130083,0.9,-0.0,853.6494012508023,1.8000000000000003,0.9,-0.0,812.7144140000005
172,2024-01-08,93.8,93.8,2.0,0.9,-0.0,853.6494012508023,1.8000000000000003,0.9,-0.0,812.7144140000005
173,2024-01-08,90.79,90.79,2.0,0.9,-0.0,853.6494012508023,1.8000000000000003,0.9,-0.0,812.7144140000005
174,2024-01-08,107.46,107.46,2.0,0.9,-0.0,853.6494012508023,1.8000000000000003,0.9,-0.0,812.7144140000005
175,2024-01-08,114.18,114.18,2.0,0.9,-0.0,853.6494012508023,1.8000000000000003,0.9,-0.0,812.7144140000005
176,2024-01-08,125.5,125.5,-2.0,0.37368421052631584,251.0,1104.6494012508024,-2.0,0.37368421052631584,251.0,1063.7144140000005
177,2024-01-08,123.0,123.0,-1.3975857841777384,0.09999999999999998,127.92000000000003,1232.5694012508025,-2.0,0.09999999999999998,127.92000000000003,1191.6344140000006
178,2024-01-08,115.38,115.38,-2.0,0.09999999999999998,-0.0,1232.5694012508025,-2.0,0.09999999999999998,-0.0,1191.6344140000006
179,2024-01-08,112.22,112.22,-1.1178414116442972,0.09999999999999998,-0.0,1232.5694012508025,-2.0,0.09999999999999998,-0.0,1191.6344140000006
180,2024-01-08,108.55,108.55,1.3684210526316662,0.4250000000000207,-148.54210526316737,1084.0272959876352,1.8000000000000003,0.5275000000000001,-195.39000000000001,996.2444140000006
181,2024-01-08,108.3,108.3,2.0,0.9,-216.59999999999056,867.4272959876446,1.8000000000000003,0.9,-169.85999999999996,826.3844140000006
182,2024-01-08,110.97,110.97,0.15218851137275102,0.9,-0.0,867.4272959876446,1.8000000000000003,0.9,-0.0,826.3844140000006
183,2024-01-08,115.2,115.2,0.9954159339483111,0.9,-0.0,867.4272959876446,1.8000000000000003,0.9,-0.0,826.3844140000006
184,2024-01-08,122.00169,122.00169,1.6293491842671084,0.9,-0.0,867.4272959876446,1.8000000000000003,0.9,-0.0,826.3844140000006
185,2024-01-08,130.1,130.1,-2.0,0.37368421052631584,260.2,1127.6272959876446,-2.0,0.37368421052631584,260.2,1086.5844140000006
186,2024-01-08,129.99382,129.99382,-2.0,0.09999999999999998,135.19357280000003,1262.8208687876447,-2.0,0.09999999999999998,135.19357280000003,1221.7779868000007
187,2024-01-08,122.0095,122.0095,-2.0,0.09999999999999998,-0.0,1262.8208687876447,-2.0,0.09999999999999998,-0.0,1221.7779868000007
188,2024-01-08,114.18,114.18,-1.9889597751583503,0.09999999999999998,-0.0,1262.8208687876447,-2.0,0.09999999999999998,-0.0,1221.7779868000007
189,2024-01-08,107.46,107.46,-1.144962830648431,0.09999999999999998,-0.0,1262.8208687876447,-2.0,0.09999999999999998,-0.0,1221.7779868000007
190,2024-01-08,102.9,102.9,-1.8415237102889541,0.09999999999999998,-0.0,1262.8208687876447,-2.0,0.09999999999999998,-0.0,1221.7779868000007
191,2024-01-08,91.75,91.75,-1.9367292471945352,0.09999999999999998,-0.0,1262.8208687876447,-2.0,0.09999999999999998,-0.0,1221.7779868000007
192,2024-01-09,87.5315,87.5315,-1.874886577924445,0.09999999999999998,-0.0,1262.8208687876447,-2.0,0.09999999999999998,-0.0,1221.7779868000007
193,2024-01-09,86.18151,86.18151,-1.198749542985031,0.09999999999999998,-0.0,1262.8208687876447,-2.0,0.09999999999999998,-0.0,1221.7779868000007
194,2024-01-09,85.00494,85.00494,-0.04285063848425241,0.09999999999999998,-0.0,1262.8208687876447,1.8000000000000003,0.5275000000000001,-153.00889200000003,1068.7690948000006
195,2024-01-09,84.08453,84.08453,2.0,0.575,-168.16906,1094.6518087876448,1.8000000000000003,0.9,-131.87994705263156,936.8891477473691
196,2024-01-09,84.97701,84.97701,2.0,0.9,-116.28432947368424,978.3674793139605,1.8000000000000003,0.9,-0.0,936.8891477473691
197,2024-01-09,89.34054,89.34054,0.6620732727046916,0.9,-0.0,978.3674793139605,1.8000000000000003,0.9,-0.0,936.8891477473691
198,2024-01-09,106.76125,106.76125,1.312803453794619,0.9,-0.0,978.3674793139605,1.8000000000000003,0.9,-0.0,936.8891477473691
199,2024-01-09,117.98,117.98,0.7416969806407446,0.9,-0.0,978.3674793139605,-2.0,0.37368421052631584,235.96,1172.849147747369
200,2024-01-09,131.3728,131.3728,-2.0,0.37368421052631584,262.7456,1241.1130793139605,-2.0,0.09999999999999998,136.62771200000006,1309.476859747369
201,2024-01-09,120.78817,120.78817,-2.0,0.09999999999999998,125.61969680000003,1366.7327761139604,-2.0,0.09999999999999998,-0.0,1309.476859747369
202,2024-01-09,112.1,112.1,-1.9513712364691975,0.09999999999999998,-0.0,1366.7327761139604,-2.0,0.09999999999999998,-0.0,1309.476859747369
203,2024-01-09,104.97006,104.97006,-0.8323545873975826,0.09999999999999998,-0.0,1366.7327761139604,-2.0,0.09999999999999998,-0.0,1309.476859747369
204,2024-01-09,100.37,100.37,2.0,0.575,-200.74,1165.9927761139604,1.8000000000000003,0.5275000000000001,-180.66600000000003,1128.810859747369
205,2024-01-09,100.82,100.82,2.0,0.9,-137.9642105263158,1028.0285655876446,1.8000000000000003,0.9,-158.12821052631577,970.6826492210532
206,2024-01-09,110.0,110.0,0.03305456885531122,0.9,-0.0,1028.0285655876446,1.8000000000000003,0.9,-0.0,970.6826492210532
207,2024-01-09,116.55,116.55,2.0,0.9,-0.0,1028.0285655876446,1.8000000000000003,0.9,-0.0,970.6826492210532
208,2024-01-09,127.36267,127.36267,2.0,0.9,-0.0,1028.0285655876446,1.8000000000000003,0.9,-0.0,970.6826492210532
209,2024-01-09,137.35078,137.35078,-2.0,0.37368421052631584,274.70156,1302.7301255876446,-2.0,0.37368421052631584,274.70156,1245.3842092210532
210,2024-01-09,137.00435,137.00435,-2.0,0.09999999999999998,142.48452400000002,1445.2146495876445,-2.0,0.09999999999999998,142.48452400000002,1387.8687332210532
211,2024-01-09,130.05,130.05,-2.0,0.09999999999999998,-0.0,1445.2146495876445,-2.0,0.09999999999999998,-0.0,1387.8687332210532
212,2024-01-09,117.67376,117.67376,-1.623672981820361,0.09999999999999998,-0.0,1445.2146495876445,-2.0,0.09999999999999998,-0.0,1387.8687332210532
213,2024-01-09,111.0525,111.0525,-2.0,0.09999999999999998,-0.0,1445.2146495876445,-2.0,0.09999999999999998,-0.0,1387.8687332210532
214,2024-01-09,105.61,105.61,-2.0,0.09999999999999998,-0.0,1445.2146495876445,-2.0,0.09999999999999998,-0.0,1387.8687332210532
215,2024-01-09,103.46,103.46,-1.4449132558338216,0.09999999999999998,-0.0,1445.2146495876445,-2.0,0.09999999999999998,-0.0,1387.8687332210532
216,2024-01-10,97.97,97.97,-2.0,0.09999999999999998,-0.0,1445.2146495876445,-2.0,0.09999999999999998,-0.0,1387.8687332210532
217,2024-01-10,92.9,92.9,-2.0,0.09999999999999998,-0.0,1445.2146495876445,1.8000000000000003,0.5275000000000001,-167.22000000000003,1220.6487332210531
218,2024-01-10,91.29,91.29,2.0,0.575,-182.58,1262.6346495876446,1.8000000000000003,0.9,-143.18115789473683,1077.4675753263164
219,2024-01-10,92.2,92.2,0.0006524052834007144,0.575,-0.0,1262.6346495876446,1.8000000000000003,0.9,-0.0,1077.4675753263164
220,2024-01-10,91.29,91.29,2.0,0.9,-124.92315789473687,1137.7114916929077,1.8000000000000003,0.9,-0.0,1077.4675753263164
221,2024-01-10,99.5,99.5,1.6229872768903228,0.9,-0.0,1137.7114916929077,1.8000000000000003,0.9,-0.0,1077.4675753263164
222,2024-01-10,108.96,108.96,2.0,0.9,-0.0,1137.7114916929077,1.8000000000000003,0.9,-0.0,1077.4675753263164
223,2024-01-10,120.0,120.0,1.626649902351991,0.9,-0.0,1137.7114916929077,1.8000000000000003,0.9,-0.0,1077.4675753263164
224,2024-01-10,139.2,139.2,-2.0,0.37368421052631584,278.4,1416.1114916929077,-2.0,0.37368421052631584,278.4,1355.8675753263165
225,2024-01-10,130.38739,130.38739,-2.0,0.09999999999999998,135.60288560000004,1551.7143772929078,-2.0,0.09999999999999998,135.60288560000004,1491.4704609263165
226,2024-01-10,117.46942,117.46942,-1.0886136319273294,0.09999999999999998,-0.0,1551.7143772929078,-2.0,0.09999999999999998,-0.0,1491.4704609263165
227,2024-01-10,109.13,109.13,-1.0127933769869122,0.09999999999999998,-0.0,1551.7143772929078,-2.0,0.09999999999999998,-0.0,1491.4704609263165
228,2024-01-10,104.2,104.2,2.0,0.575,-208.4,1343.3143772929077,1.8000000000000003,0.5275000000000001,-187.56000000000003,1303.9104609263165
229,2024-01-10,106.54,106.54,1.5423464610824689,0.9,-145.79157894736846,1197.5227983455393,1.8000000000000003,0.9,-167.0995789473684,1136.8108819789481
230,2024-01-10,110.2,110.2,2.0,0.9,-0.0,1197.5227983455393,1.8000000000000003,0.9,-0.0,1136.8108819789481
231,2024-01-10,119.7728,119.7728,2.0,0.9,-0.0,1197.5227983455393,1.8000000000000003,0.9,-0.0,1136.8108819789481
232,2024-01-10,133.13612,133.13612,0.650806934599933,0.9,-0.0,1197.5227983455393,1.8000000000000003,0.9,-0.0,1136.8108819789481
233,2024-01-10,143.78766,143.78766,-2.0,0.37368421052631584,287.57532,1485.0981183455392,-2.0,0.37368421052631584,287.57532,1424.386201978948
234,2024-01-10,140.0,140.0,-2.0,0.09999999999999998,145.60000000000002,1630.6981183455391,-2.0,0.09999999999999998,145.60000000000002,1569.986201978948
235,2024-01-10,132.15399,132.15399,-2.0,0.09999999999999998,-0.0,1630.6981183455391,-2.0,0.09999999999999998,-0.0,1569.986201978948
236,2024-01-10,120.0,120.0,-0.8943749878869997,0.09999999999999998,-0.0,1630.6981183455391,-2.0,0.09999999999999998,-0.0,1569.986201978948
237,2024-01-10,109.13,109.13,-2.0,0.09999999999999998,-0.0,1630.6981183455391,-2.0,0.09999999999999998,-0.0,1569.986201978948
238,2024-01-10,105.37,105.37,-2.0,0.09999999999999998,-0.0,1630.6981183455391,-2.0,0.09999999999999998,-0.0,1569.986201978948
239,2024-01-10,103.62,103.62,-2.0,0.09999999999999998,-0.0,1630.6981183455391,-2.0,0.09999999999999998,-0.0,1569.986201978948
240,2024-01-11,91.74873,91.74873,-2.0,0.09999999999999998,-0.0,1630.6981183455391,-2.0,0.09999999999999998,-0.0,1569.986201978948
241,2024-01-11,88.6,88.6,-0.6479406475669953,0.09999999999999998,-0.0,1630.6981183455391,-2.0,0.09999999999999998,-0.0,1569.986201978948
242,2024-01-11,87.24772,87.24772,-0.2026720754569822,0.09999999999999998,-0.0,1630.6981183455391,1.8000000000000003,0.5275000000000001,-157.04589600000003,1412.940305978948
243,2024-01-11,82.38093,82.38093,2.0,0.575,-164.76186,1465.936258345539,1.8000000000000003,0.9,-129.2079849473684,1283.7323210315794
244,2024-01-11,83.61,83.61,2.0,0.9,-114.41368421052634,1351.5225741350127,1.8000000000000003,0.9,-0.0,1283.7323210315794
245,2024-01-11,90.35,90.35,2.0,0.9,-0.0,1351.5225741350127,1.8000000000000003,0.9,-0.0,1283.7323210315794
246,2024-01-11,103.1,103.1,2.0,0.9,-0.0,1351.5225741350127,1.8000000000000003,0.9,-0.0,1283.7323210315794
247,2024-01-11,116.89149,116.89149,2.0,0.9,-0.0,1351.5225741350127,1.8000000000000003,0.9,-0.0,1283.7323210315794
248,2024-01-11,140.87915,140.87915,-2.0,0.37368421052631584,281.7583,1633.2808741350127,-2.0,0.37368421052631584,281.7583,1565.4906210315794
249,2024-01-11,129.16361,129.16361,-2.0,0.09999999999999998,134.33015440000003,1767.6110285350128,-2.0,0.09999999999999998,134.33015440000003,1699.8207754315795
250,2024-01-11,113.65,113.65,-1.9952399464532147,0.09999999999999998,-0.0,1767.6110285350128,-2.0,0.09999999999999998,-0.0,1699.8207754315795
251,2024-01-11,106.48,106.48,-2.0,0.09999999999999998,-0.0,1767.6110285350128,-2.0,0.09999999999999998,-0.0,1699.8207754315795
252,2024-01-11,99.38404,99.38404,2.0,0.575,-198.76808,1568.8429485350127,1.8000000000000003,0.5275000000000001,-178.89127200000001,1520.9295034315794
253,2024-01-11,99.0,99.0,2.0,0.9,-135.47368421052633,1433.3692643244865,1.8000000000000003,0.9,-155.27368421052628,1365.6558192210532
254,2024-01-11,105.98,105.98,2.0,0.9,-0.0,1433.3692643244865,1.8000000000000003,0.9,-0.0,1365.6558192210532
255,2024-01-11,113.71016,113.71016,2.0,0.9,-0.0,1433.3692643244865,1.8000000000000003,0.9,-0.0,1365.6558192210532
256,2024-01-11,120.0,120.0,2.0,0.9,-0.0,1433.3692643244865,1.8000000000000003,0.9,-0.0,1365.6558192210532
257,2024-01-11,128.75,128.75,1.2259625322635361,0.9,-0.0,1433.3692643244865,-2.0,0.37368421052631584,257.5,1623.1558192210532
258,2024-01-11,136.72,136.72,-2.0,0.37368421052631584,273.44,1706.8092643244865,-2.0,0.09999999999999998,142.18880000000004,1765.3446192210533
259,2024-01-11,132.31,132.31,-2.0,0.09999999999999998,137.60240000000005,1844.4116643244865,-2.0,0.09999999999999998,-0.0,1765.3446192210533
260,2024-01-11,117.93,117.93,-2.0,0.09999999999999998,-0.0,1844.4116643244865,-2.0,0.09999999999999998,-0.0,1765.3446192210533
261,2024-01-11,107.19,107.19,-2.0,0.09999999999999998,-0.0,1844.4116643244865,-2.0,0.09999999999999998,-0.0,1765.3446192210533
262,2024-01-11,105.98,105.98,-2.0,0.09999999999999998,-0.0,1844.4116643244865,-2.0,0.09999999999999998,-0.0,1765.3446192210533
263,2024-01-11,99.0,99.0,-1.7207566513960941,0.09999999999999998,-0.0,1844.4116643244865,-2.0,0.09999999999999998,-0.0,1765.3446192210533
264,2024-01-12,101.46,101.46,-2.0,0.09999999999999998,-0.0,1844.4116643244865,-2.0,0.09999999999999998,-0.0,1765.3446192210533
265,2024-01-12,95.64,95.64,-2.0,0.09999999999999998,-0.0,1844.4116643244865,-2.0,0.09999999999999998,-0.0,1765.3446192210533
266,2024-01-12,91.2,91.2,-0.46352520878877296,0.09999999999999998,-0.0,1844.4116643244865,1.8000000000000003,0.5275000000000001,-164.16000000000003,1601.1846192210533
267,2024-01-12,89.9,89.9,1.3684210526316016,0.4250000000000054,-123.021052631581,1721.3906116929056,1.8000000000000003,0.9,-141.00105263157894,1460.1835665894744
268,2024-01-12,88.59,88.59,2.0,0.9,-177.17999999999802,1544.2106116929076,1.8000000000000003,0.9,-0.0,1460.1835665894744
269,2024-01-12,94.76,94.76,2.0,0.9,-0.0,1544.2106116929076,1.8000000000000003,0.9,-0.0,1460.1835665894744
270,2024-01-12,112.82,112.82,0.7813967607131627,0.9,-0.0,1544.2106116929076,1.8000000000000003,0.9,-0.0,1460.1835665894744
271,2024-01-12,129.0,129.0,2.0,0.9,-0.0,1544.2106116929076,1.8000000000000003,0.9,-0.0,1460.1835665894744
272,2024-01-12,140.73851,140.73851,-2.0,0.37368421052631584,281.47702,1825.6876316929076,-2.0,0.37368421052631584,281.47702,1741.6605865894744
273,2024-01-12,134.96004,134.96004,-2.0,0.09999999999999998,140.35844160000002,1966.0460732929077,-2.0,0.09999999999999998,140.35844160000002,1882.0190281894745
274,2024-01-12,121.5027,121.5027,-1.3801007758932151,0.09999999999999998,-0.0,1966.0460732929077,-2.0,0.09999999999999998,-0.0,1882.0190281894745
275,2024-01-12,113.8973,113.8973,-2.0,0.09999999999999998,-0.0,1966.0460732929077,-2.0,0.09999999999999998,-0.0,1882.0190281894745
276,2024-01-12,103.42,103.42,1.3684210526321445,0.42500000000013427,-141.5221052632164,1824.5239680296913,1.8000000000000003,0.5275000000000001,-186.15600000000003,1695.8630281894746
277,2024-01-12,100.07708,100.07708,2.0,0.9,-200.15415999994343,1624.369808029748,1.8000000000000003,0.9,-156.9629991578947,1538.9000290315798
278,2024-01-12,104.24191,104.24191,2.0,0.9,-0.0,1624.369808029748,1.8000000000000003,0.9,-0.0,1538.9000290315798
279,2024-01-12,110.0,110.0,0.78137219172821,0.9,-0.0,1624.369808029748,1.8000000000000003,0.9,-0.0,1538.9000290315798
280,2024-01-12,120.0,120.0,2.0,0.9,-0.0,1624.369808029748,1.8000000000000003,0.9,-0.0,1538.9000290315798
281,2024-01-12,127.5,127.5,-2.0,0.37368421052631584,255.0,1879.369808029748,-2.0,0.37368421052631584,255.0,1793.9000290315798
282,2024-01-12,126.0,126.0,-2.0,0.09999999999999998,131.04000000000002,2010.4098080297479,-2.0,0.09999999999999998,131.04000000000002,1924.9400290315798
283,2024-01-12,119.47,119.47,-2.0,0.09999999999999998,-0.0,2010.4098080297479,-2.0,0.09999999999999998,-0.0,1924.9400290315798
284,2024-01-12,110.0,110.0,-2.0,0.09999999999999998,-0.0,2010.4098080297479,-2.0,0.09999999999999998,-0.0,1924.9400290315798
285,2024-01-12,107.0,107.0,-2.0,0.09999999999999998,-0.0,2010.4098080297479,-2.0,0.09999999999999998,-0.0,1924.9400290315798
286,2024-01-12,105.0,105.0,-2.0,0.09999999999999998,-0.0,2010.4098080297479,-2.0,0.09999999999999998,-0.0,1924.9400290315798
287,2024-01-12,95.49,95.49,-1.8842347707455689,0.09999999999999998,-0.0,2010.4098080297479,-2.0,0.09999999999999998,-0.0,1924.9400290315798
288,2024-01-13,92.8,92.8,-2.0,0.09999999999999998,-0.0,2010.4098080297479,-2.0,0.09999999999999998,-0.0,1924.9400290315798
289,2024-01-13,87.7,87.7,-1.9893044982199724,0.09999999999999998,-0.0,2010.4098080297479,-2.0,0.09999999999999998,-0.0,1924.9400290315798
290,2024-01-13,87.08,87.08,-2.0,0.09999999999999998,-0.0,2010.4098080297479,-2.0,0.09999999999999998,-0.0,1924.9400290315798
291,2024-01-13,85.59,85.59,-2.0,0.09999999999999998,-0.0,2010.4098080297479,1.8000000000000003,0.5275000000000001,-154.06200000000004,1770.8780290315797
292,2024-01-13,83.4,83.4,2.0,0.575,-166.8,1843.609808029748,1.8000000000000003,0.9,-130.80631578947367,1640.071713242106
293,2024-01-13,83.9,83.9,2.0,0.9,-114.8105263157895,1728.7992817139584,1.8000000000000003,0.9,-0.0,1640.071713242106
294,2024-01-13,95.52,95.52,2.0,0.9,-0.0,1728.7992817139584,1.8000000000000003,0.9,-0.0,1640.071713242106
295,2024-01-13,104.93,104.93,0.8254434203579456,0.9,-0.0,1728.7992817139584,-2.0,0.37368421052631584,209.86,1849.931713242106
296,2024-01-13,107.63,107.63,-2.0,0.37368421052631584,215.26,1944.0592817139584,-2.0,0.09999999999999998,111.93520000000002,1961.8669132421062
297,2024-01-13,104.93,104.93,-2.0,0.09999999999999998,109.12720000000003,2053.1864817139585,-2.0,0.09999999999999998,-0.0,1961.8669132421062
298,2024-01-13,101.0,101.0,-1.2650375179287472,0.09999999999999998,-0.0,2053.1864817139585,-2.0,0.09999999999999998,-0.0,1961.8669132421062
299,2024-01-13,88.40127,88.40127,-2.0,0.09999999999999998,-0.0,2053.1864817139585,-2.0,0.09999999999999998,-0.0,1961.8669132421062
300,2024-01-13,84.85,84.85,1.3684210526316107,0.42500000000000754,-116.11052631579216,1937.0759553981663,1.8000000000000003,0.5275000000000001,-152.73000000000002,1809.1369132421062
301,2024-01-13,83.4,83.4,2.0,0.9,-166.79999999999737,1770.275955398169,1.8000000000000003,0.9,-130.80631578947367,1678.3305974526324
302,2024-01-13,92.23,92.23,2.0,0.9,-0.0,1770.275955398169,1.8000000000000003,0.9,-0.0,1678.3305974526324
303,2024-01-13,101.59,101.59,2.0,0.9,-0.0,1770.275955398169,1.8000000000000003,0.9,-0.0,1678.3305974526324
304,2024-01-13,107.92,107.92,2.0,0.9,-0.0,1770.275955398169,1.8000000000000003,0.9,-0.0,1678.3305974526324
305,2024-01-13,124.76962,124.76962,0.7196602358800868,0.9,-0.0,1770.275955398169,-2.0,0.37368421052631584,249.53924,1927.8698374526325
306,2024-01-13,128.79108,128.79108,-2.0,0.37368421052631584,257.58216,2027.8581153981688,-2.0,0.09999999999999998,133.94272320000002,2061.8125606526323
307,2024-01-13,128.20411,128.20411,-2.0,0.09999999999999998,133.33227440000002,2161.190389798169,-2.0,0.09999999999999998,-0.0,2061.8125606526323
308,2024-01-13,117.86647,117.86647,-2.0,0.09999999999999998,-0.0,2161.190389798169,-2.0,0.09999999999999998,-0.0,2061.8125606526323
309,2024-01-13,105.0,105.0,-2.0,0.09999999999999998,-0.0,2161.190389798169,-2.0,0.09999999999999998,-0.0,2061.8125606526323
310,2024-01-13,101.96,101.96,-2.0,0.09999999999999998,-0.0,2161.190389798169,-2.0,0.09999999999999998,-0.0,2061.8125606526323
311,2024-01-13,95.52,95.52,2.0,0.575,-191.04,1970.1503897981688,-2.0,0.09999999999999998,-0.0,2061.8125606526323
312,2024-01-14,103.0,103.0,-2.0,0.09999999999999992,185.915,2156.065389798169,-2.0,0.09999999999999998,-0.0,2061.8125606526323
313,2024-01-14,100.65,100.65,-2.0,0.09999999999999992,-0.0,2156.065389798169,-2.0,0.09999999999999998,-0.0,2061.8125606526323
314,2024-01-14,99.83,99.83,-2.0,0.09999999999999992,-0.0,2156.065389798169,1.8000000000000003,0.5275000000000001,-179.69400000000002,1882.1185606526324
315,2024-01-14,96.79,96.79,-1.7380152322513236,0.09999999999999992,-0.0,2156.065389798169,1.8000000000000003,0.9,-151.80747368421052,1730.311086968422
316,2024-01-14,96.25,96.25,-0.7517418852787163,0.09999999999999992,-0.0,2156.065389798169,1.8000000000000003,0.9,-0.0,1730.311086968422
317,2024-01-14,95.25,95.25,2.0,0.575,-190.5,1965.5653897981688,1.8000000000000003,0.9,-0.0,1730.311086968422
318,2024-01-14,103.43,103.43,2.0,0.9,-141.53578947368425,1824.0296003244846,1.8000000000000003,0.9,-0.0,1730.311086968422
319,2024-01-14,104.73,104.73,0.058667756348072135,0.9,-0.0,1824.0296003244846,1.8000000000000003,0.9,-0.0,1730.311086968422
320,2024-01-14,108.06,108.06,-1.9986543208730376,0.3740383366123585,215.97458591354044,2040.004186238025,-2.0,0.37368421052631584,216.12,1946.4310869684218
321,2024-01-14,108.06,108.06,-2.0,0.09999999999999998,112.52781408645956,2152.5320003244847,-2.0,0.09999999999999998,112.38240000000003,2058.813486968422
322,2024-01-14,103.0,103.0,-2.0,0.09999999999999998,-0.0,2152.5320003244847,-2.0,0.09999999999999998,-0.0,2058.813486968422
323,2024-01-14,103.0,103.0,-2.0,0.09999999999999998,-0.0,2152.5320003244847,-2.0,0.09999999999999998,-0.0,2058.813486968422
324,2024-01-14,101.88,101.88,-0.8314274156185076,0.09999999999999998,-0.0,2152.5320003244847,-2.0,0.09999999999999998,-0.0,2058.813486968422
325,2024-01-14,96.04,96.04,2.0,0.575,-192.08,1960.4520003244847,1.8000000000000003,0.5275000000000001,-172.87200000000004,1885.9414869684217
326,2024-01-14,100.0,100.0,2.0,0.9,-136.84210526315792,1823.6098950613268,1.8000000000000003,0.9,-156.84210526315786,1729.0993817052638
327,2024-01-14,104.74,104.74,1.00198465229551,0.9,-0.0,1823.6098950613268,1.8000000000000003,0.9,-0.0,1729.0993817052638
328,2024-01-14,105.0,105.0,2.0,0.9,-0.0,1823.6098950613268,1.8000000000000003,0.9,-0.0,1729.0993817052638
329,2024-01-14,111.0,111.0,2.0,0.9,-0.0,1823.6098950613268,1.8000000000000003,0.9,-0.0,1729.0993817052638
330,2024-01-14,117.0,117.0,-1.2000000024370774,0.5842105256744533,140.40000028513805,1964.0098953464649,-2.0,0.37368421052631584,234.0,1963.0993817052638
331,2024-01-14,120.0,120.0,-2.0,0.09999999999999998,220.7999997075507,2184.8098950540157,-2.0,0.09999999999999998,124.80000000000003,2087.8993817052637
332,2024-01-14,115.14,115.14,-1.8824944793757517,0.09999999999999998,-0.0,2184.8098950540157,-2.0,0.09999999999999998,-0.0,2087.8993817052637
333,2024-01-14,108.23,108.23,-1.9786195007330145,0.09999999999999998,-0.0,2184.8098950540157,-2.0,0.09999999999999998,-0.0,2087.8993817052637
334,2024-01-14,101.51,101.51,-2.0,0.09999999999999998,-0.0,2184.8098950540157,-2.0,0.09999999999999998,-0.0,2087.8993817052637
335,2024-01-14,97.9,97.9,-1.9267330387389634,0.09999999999999998,-0.0,2184.8098950540157,-2.0,0.09999999999999998,-0.0,2087.8993817052637
336,2024-01-15,85.5,85.5,-0.7002431940077348,0.09999999999999998,-0.0,2184.8098950540157,-2.0,0.09999999999999998,-0.0,2087.8993817052637
337,2024-01-15,83.4,83.4,-2.0,0.09999999999999998,-0.0,2184.8098950540157,1.8000000000000003,0.5275000000000001,-150.12000000000003,1937.7793817052636
338,2024-01-15,84.1,84.1,-0.6057758921501415,0.09999999999999998,-0.0,2184.8098950540157,1.8000000000000003,0.9,-131.90421052631575,1805.8751711789478
339,2024-01-15,83.4,83.4,2.0,0.575,-166.8,2018.0098950540157,1.8000000000000003,0.9,-0.0,1805.8751711789478
340,2024-01-15,83.4,83.4,2.0,0.9,-114.12631578947371,1903.883579264542,1.8000000000000003,0.9,-0.0,1805.8751711789478
341,2024-01-15,84.9,84.9,2.0,0.9,-0.0,1903.883579264542,1.8000000000000003,0.9,-0.0,1805.8751711789478
342,2024-01-15,102.52,102.52,0.13001208064584532,0.9,-0.0,1903.883579264542,1.8000000000000003,0.9,-0.0,1805.8751711789478
343,2024-01-15,110.03,110.03,1.4486805746159521,0.9,-0.0,1903.883579264542,1.8000000000000003,0.9,-0.0,1805.8751711789478
344,2024-01-15,122.00208,122.00208,-2.0,0.37368421052631584,244.00416,2147.8877392645422,-2.0,0.37368421052631584,244.00416,2049.8793311789477
345,2024-01-15,119.59,119.59,-2.0,0.09999999999999998,124.37360000000004,2272.261339264542,-2.0,0.09999999999999998,124.37360000000004,2174.2529311789476
346,2024-01-15,106.21,106.21,-2.0,0.09999999999999998,-0.0,2272.261339264542,-2.0,0.09999999999999998,-0.0,2174.2529311789476
347,2024-01-15,103.62167,103.62167,-2.0,0.09999999999999998,-0.0,2272.261339264542,-2.0,0.09999999999999998,-0.0,2174.2529311789476
348,2024-01-15,95.6842,95.6842,1.3684210526317893,0.4250000000000499,-130.93627368423066,2141.3250655803113,-2.0,0.09999999999999998,-0.0,2174.2529311789476
349,2024-01-15,94.4436,94.4436,2.0,0.9,-188.8871999999802,1952.4378655803312,1.8000000000000003,0.5275000000000001,-169.99848000000003,2004.2544511789476
350,2024-01-15,99.7,99.7,2.0,0.9,-0.0,1952.4378655803312,1.8000000000000003,0.9,-156.3715789473684,1847.8828722315793
351,2024-01-15,104.44211,104.44211,0.8744158094821134,0.9,-0.0,1952.4378655803312,1.8000000000000003,0.9,-0.0,1847.8828722315793
352,2024-01-15,110.0,110.0,0.8364929231294228,0.9,-0.0,1952.4378655803312,1.8000000000000003,0.9,-0.0,1847.8828722315793
353,2024-01-15,116.13,116.13,-2.0,0.37368421052631584,232.26,2184.6978655803314,-2.0,0.37368421052631584,232.26,2080.1428722315795
354,2024-01-15,115.0,115.0,-2.0,0.09999999999999998,119.60000000000002,2304.2978655803313,-2.0,0.09999999999999998,119.60000000000002,2199.7428722315794
355,2024-01-15,113.9,113.9,-1.7646910959860187,0.09999999999999998,-0.0,2304.2978655803313,-2.0,0.09999999999999998,-0.0,2199.7428722315794
356,2024-01-15,107.58229,107.58229,-2.0,0.09999999999999998,-0.0,2304.2978655803313,-2.0,0.09999999999999998,-0.0,2199.7428722315794
357,2024-01-15,104.31,104.31,-1.9954009604462566,0.09999999999999998,-0.0,2304.2978655803313,-2.0,0.09999999999999998,-0.0,2199.7428722315794
358,2024-01-15,101.68,101.68,-2.0,0.09999999999999998,-0.0,2304.2978655803313,-2.0,0.09999999999999998,-0.0,2199.7428722315794
359,2024-01-15,91.39,91.39,-0.8358898575301328,0.09999999999999998,-0.0,2304.2978655803313,-2.0,0.09999999999999998,-0.0,2199.7428722315794
360,2024-01-16,86.58831,86.58831,-1.6254240456400098,0.09999999999999998,-0.0,2304.2978655803313,-2.0,0.09999999999999998,-0.0,2199.7428722315794
361,2024-01-16,83.34,83.34,2.0,0.575,-166.68,2137.6178655803315,1.8000000000000003,0.5275000000000001,-150.01200000000003,2049.7308722315793
362,2024-01-16,84.1,84.1,1.9951296168404207,0.9,-115.0842105263158,2022.5336550540158,1.8000000000000003,0.9,-131.90421052631575,1917.8266617052636
363,2024-01-16,84.7,84.7,2.0,0.9,-0.0,2022.5336550540158,1.8000000000000003,0.9,-0.0,1917.8266617052636
364,2024-01-16,84.7,84.7,0.39506325298531664,0.9,-0.0,2022.5336550540158,1.8000000000000003,0.9,-0.0,1917.8266617052636
365,2024-01-16,90.0,90.0,2.0,0.9,-0.0,2022.5336550540158,1.8000000000000003,0.9,-0.0,1917.8266617052636
366,2024-01-16,103.76848,103.76848,1.70537082499288,0.9,-0.0,2022.5336550540158,1.8000000000000003,0.9,-0.0,1917.8266617052636
367,2024-01-16,117.0,117.0,2.0,0.9,-0.0,2022.5336550540158,1.8000000000000003,0.9,-0.0,1917.8266617052636
368,2024-01-16,141.11791,141.11791,-2.0,0.37368421052631584,282.23582,2304.769475054016,-2.0,0.37368421052631584,282.23582,2200.0624817052635
369,2024-01-16,136.26696,136.26696,-2.0,0.09999999999999998,141.71763840000006,2446.487113454016,-2.0,0.09999999999999998,141.71763840000006,2341.7801201052634
370,2024-01-16,120.46093,120.46093,-2.0,0.09999999999999998,-0.0,2446.487113454016,-2.0,0.09999999999999998,-0.0,2341.7801201052634
371,2024-01-16,109.25941,109.25941,-2.0,0.09999999999999998,-0.0,2446.487113454016,-2.0,0.09999999999999998,-0.0,2341.7801201052634
372,2024-01-16,101.16921,101.16921,1.3684210526317513,0.4250000000000409,-138.4420768421227,2308.045036611893,1.8000000000000003,0.5275000000000001,-182.10457800000003,2159.6755421052635
373,2024-01-16,100.62671,100.62671,2.0,0.9,-201.2534199999827,2106.7916166119103,1.8000000000000003,0.9,-157.82505042105262,2001.850491684211
374,2024-01-16,104.87055,104.87055,0.6455480996092051,0.9,-0.0,2106.7916166119103,1.8000000000000003,0.9,-0.0,2001.850491684211
375,2024-01-16,111.03657,111.03657,2.0,0.9,-0.0,2106.7916166119103,1.8000000000000003,0.9,-0.0,2001.850491684211
376,2024-01-16,122.05,122.05,2.0,0.9,-0.0,2106.7916166119103,1.8000000000000003,0.9,-0.0,2001.850491684211
377,2024-01-16,133.0,133.0,-2.0,0.37368421052631584,266.0,2372.7916166119103,-2.0,0.37368421052631584,266.0,2267.850491684211
378,2024-01-16,129.98158,129.98158,-2.0,0.09999999999999998,135.18084320000006,2507.9724598119105,-2.0,0.09999999999999998,135.18084320000006,2403.0313348842114
379,2024-01-16,121.05,121.05,-2.0,0.09999999999999998,-0.0,2507.9724598119105,-2.0,0.09999999999999998,-0.0,2403.0313348842114
380,2024-01-16,110.40919,110.40919,-1.0263396677601775,0.09999999999999998,-0.0,2507.9724598119105,-2.0,0.09999999999999998,-0.0,2403.0313348842114
381,2024-01-16,105.0,105.0,-1.2495861043022263,0.09999999999999998,-0.0,2507.9724598119105,-2.0,0.09999999999999998,-0.0,2403.0313348842114
382,2024-01-16,100.86671,100.86671,-1.004081177417391,0.09999999999999998,-0.0,2507.9724598119105,-2.0,0.09999999999999998,-0.0,2403.0313348842114
383,2024-01-16,97.97296,97.97296,-0.9957827804328355,0.09999999999999998,-0.0,2507.9724598119105,-2.0,0.09999999999999998,-0.0,2403.0313348842114
384,2024-01-17,86.75,86.75,-1.3480927553389186,0.09999999999999998,-0.0,2507.9724598119105,-2.0,0.09999999999999998,-0.0,2403.0313348842114
385,2024-01-17,85.5,85.5,-1.8730586753600615,0.09999999999999998,-0.0,2507.9724598119105,1.8000000000000003,0.5275000000000001,-153.90000000000003,2249.1313348842114
386,2024-01-17,82.4,82.4,0.920554323620903,0.31863165185996445,-75.85367626636241,2432.118783545548,1.8000000000000003,0.9,-129.2378947368421,2119.8934401473693
387,2024-01-17,80.0,80.0,2.0,0.7936316518599644,-160.0,2272.118783545548,1.8000000000000003,0.9,-0.0,2119.8934401473693
388,2024-01-17,82.4,82.4,2.0,0.9,-36.90421847047972,2235.214565075068,1.8000000000000003,0.9,-0.0,2119.8934401473693
389,2024-01-17,85.9,85.9,2.0,0.9,-0.0,2235.214565075068,1.8000000000000003,0.9,-0.0,2119.8934401473693
390,2024-01-17,98.9,98.9,2.0,0.9,-0.0,2235.214565075068,1.8000000000000003,0.9,-0.0,2119.8934401473693
391,2024-01-17,104.18,104.18,0.8721494139353547,0.9,-0.0,2235.214565075068,1.8000000000000003,0.9,-0.0,2119.8934401473693
392,2024-01-17,116.7498,116.7498,-2.0,0.37368421052631584,233.4996,2468.714165075068,-2.0,0.37368421052631584,233.4996,2353.3930401473694
393,2024-01-17,114.46135,114.46135,-2.0,0.09999999999999998,119.03980400000003,2587.753969075068,-2.0,0.09999999999999998,119.03980400000003,2472.4328441473695
394,2024-01-17,109.59758,109.59758,-2.0,0.09999999999999998,-0.0,2587.753969075068,-2.0,0.09999999999999998,-0.0,2472.4328441473695
395,2024-01-17,110.31763,110.31763,-1.5986221725798702,0.09999999999999998,-0.0,2587.753969075068,-2.0,0.09999999999999998,-0.0,2472.4328441473695
396,2024-01-17,104.97503,104.97503,-2.0,0.09999999999999998,-0.0,2587.753969075068,-2.0,0.09999999999999998,-0.0,2472.4328441473695
397,2024-01-17,103.41178,103.41178,2.0,0.575,-206.82356,2380.9304090750684,1.8000000000000003,0.5275000000000001,-186.14120400000002,2286.2916401473694
398,2024-01-17,107.06157,107.06157,2.0,0.9,-146.5053063157895,2234.425102759279,1.8000000000000003,0.9,-167.91762031578946,2118.37401983158
399,2024-01-17,113.11206,113.11206,2.0,0.9,-0.0,2234.425102759279,1.8000000000000003,0.9,-0.0,2118.37401983158
400,2024-01-17,115.0,115.0,0.7600357026174488,0.9,-0.0,2234.425102759279,1.8000000000000003,0.9,-0.0,2118.37401983158
401,2024-01-17,125.4,125.4,-2.0,0.37368421052631584,250.8,2485.2251027592793,-2.0,0.37368421052631584,250.8,2369.17401983158
402,2024-01-17,120.0,120.0,-2.0,0.09999999999999998,124.80000000000003,2610.0251027592794,-2.0,0.09999999999999998,124.80000000000003,2493.9740198315803
403,2024-01-17,113.68582,113.68582,-0.9569114714148564,0.09999999999999998,-0.0,2610.0251027592794,-2.0,0.09999999999999998,-0.0,2493.9740198315803
404,2024-01-17,104.23,104.23,-2.0,0.09999999999999998,-0.0,2610.0251027592794,-2.0,0.09999999999999998,-0.0,2493.9740198315803
405,2024-01-17,100.1786,100.1786,-2.0,0.09999999999999998,-0.0,2610.0251027592794,-2.0,0.09999999999999998,-0.0,2493.9740198315803
406,2024-01-17,93.28313,93.28313,-1.7495824132965376,0.09999999999999998,-0.0,2610.0251027592794,-2.0,0.09999999999999998,-0.0,2493.9740198315803
407,2024-01-17,85.13999,85.13999,-1.4190173332757399,0.09999999999999998,-0.0,2610.0251027592794,-2.0,0.09999999999999998,-0.0,2493.9740198315803
408,2024-01-18,84.0,84.0,-1.0354258210141283,0.09999999999999998,-0.0,2610.0251027592794,-2.0,0.09999999999999998,-0.0,2493.9740198315803
409,2024-01-18,81.6,81.6,-2.0,0.09999999999999998,-0.0,2610.0251027592794,1.8000000000000003,0.5275000000000001,-146.88000000000002,2347.09401983158
410,2024-01-18,78.0,78.0,0.8149048856315687,0.29353991033749754,-63.56258107926236,2546.4625216800173,1.8000000000000003,0.9,-122.33684210526314,2224.757177726317
411,2024-01-18,78.0,78.0,0.5535161670000976,0.4250000000000207,-43.17426102600761,2503.2882606540097,1.8000000000000003,0.9,-0.0,2224.757177726317
412,2024-01-18,75.95604,75.95604,2.0,0.9,-151.91207999999338,2351.3761806540165,1.8000000000000003,0.9,-0.0,2224.757177726317
413,2024-01-18,81.37145,81.37145,2.0,0.9,-0.0,2351.3761806540165,1.8000000000000003,0.9,-0.0,2224.757177726317
414,2024-01-18,99.0,99.0,2.0,0.9,-0.0,2351.3761806540165,1.8000000000000003,0.9,-0.0,2224.757177726317
415,2024-01-18,112.70957,112.70957,1.3239395012383002,0.9,-0.0,2351.3761806540165,1.8000000000000003,0.9,-0.0,2224.757177726317
416,2024-01-18,125.0,125.0,-2.0,0.37368421052631584,250.0,2601.3761806540165,-2.0,0.37368421052631584,250.0,2474.757177726317
417,2024-01-18,119.23073,119.23073,-2.0,0.09999999999999998,123.99995920000002,2725.3761398540164,-2.0,0.09999999999999998,123.99995920000002,2598.757136926317
418,2024-01-18,112.11555,112.11555,-2.0,0.09999999999999998,-0.0,2725.3761398540164,-2.0,0.09999999999999998,-0.0,2598.757136926317
419,2024-01-18,97.98925,97.98925,-2.0,0.09999999999999998,-0.0,2725.3761398540164,-2.0,0.09999999999999998,-0.0,2598.757136926317
420,2024-01-18,90.16064,90.16064,-2.0,0.09999999999999998,-0.0,2725.3761398540164,1.8000000000000003,0.5275000000000001,-162.28915200000003,2436.467984926317
421,2024-01-18,87.8814,87.8814,2.0,0.575,-175.7628,2549.6133398540164,1.8000000000000003,0.9,-137.83503789473681,2298.6329470315804
422,2024-01-18,92.01,92.01,1.9571490564855611,0.9,-125.90842105263161,2423.704918801385,1.8000000000000003,0.9,-0.0,2298.6329470315804
423,2024-01-18,103.40414,103.40414,2.0,0.9,-0.0,2423.704918801385,1.8000000000000003,0.9,-0.0,2298.6329470315804
424,2024-01-18,106.6622,106.6622,1.9269393411340747,0.9,-0.0,2423.704918801385,1.8000000000000003,0.9,-0.0,2298.6329470315804
425,2024-01-18,114.20625,114.20625,-2.0,0.37368421052631584,228.4125,2652.1174188013847,-2.0,0.37368421052631584,228.4125,2527.0454470315804
426,2024-01-18,110.0,110.0,-2.0,0.09999999999999998,114.40000000000003,2766.517418801385,-2.0,0.09999999999999998,114.40000000000003,2641.4454470315804
427,2024-01-18,109.71,109.71,-2.0,0.09999999999999998,-0.0,2766.517418801385,-2.0,0.09999999999999998,-0.0,2641.4454470315804
428,2024-01-18,103.32,103.32,-2.0,0.09999999999999998,-0.0,2766.517418801385,-2.0,0.09999999999999998,-0.0,2641.4454470315804
429,2024-01-18,100.0,100.0,-2.0,0.09999999999999998,-0.0,2766.517418801385,-2.0,0.09999999999999998,-0.0,2641.4454470315804
430,2024-01-18,91.47,91.47,-0.7287193562720018,0.09999999999999998,-0.0,2766.517418801385,-2.0,0.09999999999999998,-0.0,2641.4454470315804
431,2024-01-18,84.08,84.08,-1.3270594047974622,0.09999999999999998,-0.0,2766.517418801385,-2.0,0.09999999999999998,-0.0,2641.4454470315804
432,2024-01-19,72.13,72.13,-1.109549156444978,0.09999999999999998,-0.0,2766.517418801385,-2.0,0.09999999999999998,-0.0,2641.4454470315804
433,2024-01-19,70.0,70.0,-1.7239776854369484,0.09999999999999998,-0.0,2766.517418801385,-2.0,0.09999999999999998,-0.0,2641.4454470315804
434,2024-01-19,66.49387,66.49387,1.3684210526331566,0.42500000000037463,-90.99161157905228,2675.5258072223323,1.8000000000000003,0.5275000000000001,-119.68896600000002,2521.7564810315803
435,2024-01-19,66.4,66.4,2.0,0.9,-132.79999999989528,2542.725807222437,1.8000000000000003,0.9,-104.14315789473683,2417.6133231368435
436,2024-01-19,69.16,69.16,2.0,0.9,-0.0,2542.725807222437,1.8000000000000003,0.9,-0.0,2417.6133231368435
437,2024-01-19,74.8,74.8,2.0,0.9,-0.0,2542.725807222437,1.8000000000000003,0.9,-0.0,2417.6133231368435
438,2024-01-19,90.83,90.83,2.0,0.9,-0.0,2542.725807222437,1.8000000000000003,0.9,-0.0,2417.6133231368435
439,2024-01-19,98.64,98.64,1.692308097166062,0.9,-0.0,2542.725807222437,1.8000000000000003,0.9,-0.0,2417.6133231368435
440,2024-01-19,117.68,117.68,-2.0,0.37368421052631584,235.36,2778.0858072224373,-2.0,0.37368421052631584,235.36,2652.9733231368436
441,2024-01-19,110.0,110.0,-2.0,0.09999999999999998,114.40000000000003,2892.4858072224374,-2.0,0.09999999999999998,114.40000000000003,2767.3733231368437
442,2024-01-19,100.56,100.56,-1.9284077955669847,0.09999999999999998,-0.0,2892.4858072224374,-2.0,0.09999999999999998,-0.0,2767.3733231368437
443,2024-01-19,96.43,96.43,-1.0,0.09999999999999998,-0.0,2892.4858072224374,-2.0,0.09999999999999998,-0.0,2767.3733231368437
444,2024-01-19,91.58072,91.58072,2.0,0.575,-183.16144,2709.3243672224376,1.8000000000000003,0.5275000000000001,-164.84529600000002,2602.528027136844
445,2024-01-19,93.09,93.09,1.6997153924749095,0.9,-127.38631578947371,2581.9380514329637,1.8000000000000003,0.9,-146.00431578947368,2456.52371134737
446,2024-01-19,95.63,95.63,0.2890028377175047,0.9,-0.0,2581.9380514329637,1.8000000000000003,0.9,-0.0,2456.52371134737
447,2024-01-19,99.05,99.05,1.4748114169137816,0.9,-0.0,2581.9380514329637,1.8000000000000003,0.9,-0.0,2456.52371134737
448,2024-01-19,101.36,101.36,1.46165980566542,0.9,-0.0,2581.9380514329637,1.8000000000000003,0.9,-0.0,2456.52371134737
449,2024-01-19,107.67,107.67,-2.0,0.37368421052631584,215.34,2797.278051432964,1.8000000000000003,0.9,-0.0,2456.52371134737
450,2024-01-19,107.17,107.17,-1.99976195776596,0.09999999999999998,111.45680000000003,2908.7348514329638,-2.0,0.37368421052631584,214.34,2670.86371134737
451,2024-01-19,106.95,106.95,-0.745745400402966,0.09999999999999998,-0.0,2908.7348514329638,-2.0,0.09999999999999998,111.22800000000004,2782.09171134737
452,2024-01-19,99.03,99.03,-2.0,0.09999999999999998,-0.0,2908.7348514329638,-2.0,0.09999999999999998,-0.0,2782.09171134737
453,2024-01-19,98.49,98.49,-2.0,0.09999999999999998,-0.0,2908.7348514329638,-2.0,0.09999999999999998,-0.0,2782.09171134737
454,2024-01-19,96.0,96.0,-1.4757552846633692,0.09999999999999998,-0.0,2908.7348514329638,-2.0,0.09999999999999998,-0.0,2782.09171134737
455,2024-01-19,92.9,92.9,-1.3396392995662523,0.09999999999999998,-0.0,2908.7348514329638,-2.0,0.09999999999999998,-0.0,2782.09171134737
456,2024-01-20,93.5,93.5,-2.0,0.09999999999999998,-0.0,2908.7348514329638,-2.0,0.09999999999999998,-0.0,2782.09171134737
457,2024-01-20,85.4,85.4,-1.90601798223956,0.09999999999999998,-0.0,2908.7348514329638,-2.0,0.09999999999999998,-0.0,2782.09171134737
458,2024-01-20,77.75,77.75,-0.6291603389738739,0.09999999999999998,-0.0,2908.7348514329638,1.8000000000000003,0.5275000000000001,-139.95000000000002,2642.1417113473703
459,2024-01-20,76.93,76.93,2.0,0.575,-153.86,2754.8748514329636,1.8000000000000003,0.9,-120.65863157894736,2521.483079768423
460,2024-01-20,76.93,76.93,2.0,0.9,-105.2726315789474,2649.6022198540163,1.8000000000000003,0.9,-0.0,2521.483079768423
461,2024-01-20,76.93,76.93,2.0,0.9,-0.0,2649.6022198540163,1.8000000000000003,0.9,-0.0,2521.483079768423
462,2024-01-20,87.37,87.37,2.0,0.9,-0.0,2649.6022198540163,1.8000000000000003,0.9,-0.0,2521.483079768423
463,2024-01-20,96.07,96.07,2.0,0.9,-0.0,2649.6022198540163,1.8000000000000003,0.9,-0.0,2521.483079768423
464,2024-01-20,100.0,100.0,-2.0,0.37368421052631584,200.0,2849.6022198540163,1.8000000000000003,0.9,-0.0,2521.483079768423
465,2024-01-20,99.0,99.0,-2.0,0.09999999999999998,102.96000000000002,2952.5622198540163,-2.0,0.37368421052631584,198.0,2719.483079768423
466,2024-01-20,95.92,95.92,-2.0,0.09999999999999998,-0.0,2952.5622198540163,-2.0,0.09999999999999998,99.75680000000003,2819.239879768423
467,2024-01-20,92.49,92.49,-1.7279120828731698,0.09999999999999998,-0.0,2952.5622198540163,-2.0,0.09999999999999998,-0.0,2819.239879768423
468,2024-01-20,82.88,82.88,-1.975919928651195,0.09999999999999998,-0.0,2952.5622198540163,1.8000000000000003,0.5275000000000001,-149.18400000000003,2670.055879768423
469,2024-01-20,77.75,77.75,-2.0,0.09999999999999998,-0.0,2952.5622198540163,1.8000000000000003,0.9,-121.94473684210524,2548.111142926318
470,2024-01-20,78.65,78.65,2.0,0.575,-157.3,2795.262219854016,1.8000000000000003,0.9,-0.0,2548.111142926318
471,2024-01-20,90.85,90.85,1.9953033504258764,0.9,-124.32105263157897,2670.9411672224373,1.8000000000000003,0.9,-0.0,2548.111142926318
472,2024-01-20,96.07,96.07,0.684319201997416,0.9,-0.0,2670.9411672224373,1.8000000000000003,0.9,-0.0,2548.111142926318
473,2024-01-20,105.0,105.0,-2.0,0.37368421052631584,210.0,2880.9411672224373,-2.0,0.37368421052631584,210.0,2758.111142926318
474,2024-01-20,105.0,105.0,-2.0,0.09999999999999998,109.20000000000003,2990.141167222437,-2.0,0.09999999999999998,109.20000000000003,2867.3111429263176
475,2024-01-20,105.6,105.6,-1.3447036728876622,0.09999999999999998,-0.0,2990.141167222437,-2.0,0.09999999999999998,-0.0,2867.3111429263176
476,2024-01-20,98.52,98.52,-2.0,0.09999999999999998,-0.0,2990.141167222437,-2.0,0.09999999999999998,-0.0,2867.3111429263176
477,2024-01-20,92.91,92.91,-2.0,0.09999999999999998,-0.0,2990.141167222437,-2.0,0.09999999999999998,-0.0,2867.3111429263176
478,2024-01-20,81.23,81.23,-2.0,0.09999999999999998,-0.0,2990.141167222437,-2.0,0.09999999999999998,-0.0,2867.3111429263176
479,2024-01-20,76.93,76.93,2.0,0.575,-153.86,2836.281167222437,-2.0,0.09999999999999998,-0.0,2867.3111429263176
480,2024-01-21,84.4,84.4,-2.0,0.09999999999999992,152.342,2988.623167222437,-2.0,0.09999999999999998,-0.0,2867.3111429263176
481,2024-01-21,82.2,82.2,-0.41166384817314056,0.09999999999999992,-0.0,2988.623167222437,-2.0,0.09999999999999998,-0.0,2867.3111429263176
482,2024-01-21,75.03,75.03,-1.271714667245234,0.09999999999999992,-0.0,2988.623167222437,-2.0,0.09999999999999998,-0.0,2867.3111429263176
483,2024-01-21,69.0,69.0,2.0,0.575,-138.0,2850.623167222437,1.8000000000000003,0.5275000000000001,-124.20000000000002,2743.111142926318
484,2024-01-21,70.0,70.0,2.0,0.9,-95.78947368421055,2754.8336935382267,1.8000000000000003,0.9,-109.7894736842105,2633.3216692421074
485,2024-01-21,69.0,69.0,0.42529024635360696,0.9,-0.0,2754.8336935382267,1.8000000000000003,0.9,-0.0,2633.3216692421074
486,2024-01-21,73.0,73.0,2.0,0.9,-0.0,2754.8336935382267,1.8000000000000003,0.9,-0.0,2633.3216692421074
487,2024-01-21,90.0,90.0,-2.0,0.37368421052631584,180.0,2934.8336935382267,-2.0,0.37368421052631584,180.0,2813.3216692421074
488,2024-01-21,93.59,93.59,-2.0,0.09999999999999998,97.33360000000003,3032.1672935382267,-2.0,0.09999999999999998,97.33360000000003,2910.6552692421074
489,2024-01-21,89.34,89.34,-2.0,0.09999999999999998,-0.0,3032.1672935382267,-2.0,0.09999999999999998,-0.0,2910.6552692421074
490,2024-01-21,69.35615,69.35615,-2.0,0.09999999999999998,-0.0,3032.1672935382267,-2.0,0.09999999999999998,-0.0,2910.6552692421074
491,2024-01-21,62.89145,62.89145,-2.0,0.09999999999999998,-0.0,3032.1672935382267,-2.0,0.09999999999999998,-0.0,2910.6552692421074
492,2024-01-21,60.33551,60.33551,1.3684344801612827,0.4250031890383046,-82.56519226211587,2949.6021012761107,1.8000000000000003,0.5275000000000001,-108.60391800000002,2802.0513512421076
493,2024-01-21,58.1183,58.1183,2.0,0.9,-116.23581961480045,2833.3662816613105,1.8000000000000003,0.9,-91.15396526315787,2710.89738597895
494,2024-01-21,65.1,65.1,0.246904479470729,0.9,-0.0,2833.3662816613105,1.8000000000000003,0.9,-0.0,2710.89738597895
495,2024-01-21,88.38,88.38,1.6385020762464177,0.9,-0.0,2833.3662816613105,1.8000000000000003,0.9,-0.0,2710.89738597895
496,2024-01-21,95.0,95.0,1.407051806983399,0.9,-0.0,2833.3662816613105,1.8000000000000003,0.9,-0.0,2710.89738597895
497,2024-01-21,98.81405,98.81405,1.7096906795476834,0.9,-0.0,2833.3662816613105,-2.0,0.37368421052631584,197.6281,2908.5254859789497
498,2024-01-21,101.87,101.87,2.0,0.9,-0.0,2833.3662816613105,-2.0,0.09999999999999998,105.94480000000003,3014.47028597895
499,2024-01-21,105.1,105.1,-2.0,0.37368421052631584,210.2,3043.5662816613103,-2.0,0.09999999999999998,-0.0,3014.47028597895
500,2024-01-21,105.1,105.1,-2.0,0.09999999999999998,109.30400000000002,3152.8702816613104,-2.0,0.09999999999999998,-0.0,3014.47028597895
501,2024-01-21,102.41,102.41,-2.0,0.09999999999999998,-0.0,3152.8702816613104,-2.0,0.09999999999999998,-0.0,3014.47028597895
502,2024-01-21,97.75,97.75,-2.0,0.09999999999999998,-0.0,3152.8702816613104,-2.0,0.09999999999999998,-0.0,3014.47028597895
503,2024-01-21,95.0,95.0,-1.999904700891981,0.09999999999999998,-0.0,3152.8702816613104,-2.0,0.09999999999999998,-0.0,3014.47028597895
504,2024-01-22,84.4,84.4,-2.0,0.09999999999999998,-0.0,3152.8702816613104,-2.0,0.09999999999999998,-0.0,3014.47028597895
505,2024-01-22,82.2,82.2,-1.892703973793979,0.09999999999999998,-0.0,3152.8702816613104,1.8000000000000003,0.5275000000000001,-147.96000000000004,2866.51028597895
506,2024-01-22,77.9,77.9,2.0,0.575,-155.8,2997.07028166131,1.8000000000000003,0.9,-122.17999999999999,2744.33028597895
507,2024-01-22,77.9,77.9,1.999087532197041,0.9,-106.60000000000002,2890.4702816613103,1.8000000000000003,0.9,-0.0,2744.33028597895
508,2024-01-22,82.49,82.49,0.9431076997342778,0.9,-0.0,2890.4702816613103,1.8000000000000003,0.9,-0.0,2744.33028597895
509,2024-01-22,95.68,95.68,2.0,0.9,-0.0,2890.4702816613103,1.8000000000000003,0.9,-0.0,2744.33028597895
510,2024-01-22,106.0,106.0,0.32118831775197854,0.9,-0.0,2890.4702816613103,1.8000000000000003,0.9,-0.0,2744.33028597895
511,2024-01-22,114.5,114.5,-1.2000000177582384,0.5842105216425688,137.4000020333183,3027.8702836946286,-2.0,0.37368421052631584,229.0,2973.33028597895
512,2024-01-22,131.8,131.8,-2.0,0.09999999999999998,242.51199765946419,3270.382281354093,-2.0,0.09999999999999998,137.07200000000006,3110.40228597895
513,2024-01-22,114.0,114.0,-2.0,0.09999999999999998,-0.0,3270.382281354093,-2.0,0.09999999999999998,-0.0,3110.40228597895
514,2024-01-22,99.83,99.83,-2.0,0.09999999999999998,-0.0,3270.382281354093,-2.0,0.09999999999999998,-0.0,3110.40228597895
515,2024-01-22,97.73,97.73,-1.263876119958136,0.09999999999999998,-0.0,3270.382281354093,-2.0,0.09999999999999998,-0.0,3110.40228597895
516,2024-01-22,94.5,94.5,-2.0,0.09999999999999998,-0.0,3270.382281354093,1.8000000000000003,0.5275000000000001,-170.10000000000002,2940.3022859789503
517,2024-01-22,95.0,95.0,2.0,0.575,-190.0,3080.382281354093,1.8000000000000003,0.9,-148.99999999999997,2791.3022859789503
518,2024-01-22,99.46,99.46,2.0,0.9,-136.10315789473685,2944.279123459356,1.8000000000000003,0.9,-0.0,2791.3022859789503
519,2024-01-22,113.41,113.41,2.0,0.9,-0.0,2944.279123459356,1.8000000000000003,0.9,-0.0,2791.3022859789503
520,2024-01-22,122.00407,122.00407,-1.2000000000000026,0.5842105263157888,146.40488400000032,3090.6840074593565,1.8000000000000003,0.9,-0.0,2791.3022859789503
521,2024-01-22,131.8,131.8,-2.0,0.09999999999999998,242.51199999999972,3333.196007459356,-2.0,0.37368421052631584,263.6,3054.90228597895
522,2024-01-22,119.75,119.75,-1.8261953679735383,0.09999999999999998,-0.0,3333.196007459356,-2.0,0.09999999999999998,124.54000000000003,3179.44228597895
523,2024-01-22,114.5,114.5,-2.0,0.09999999999999998,-0.0,3333.196007459356,-2.0,0.09999999999999998,-0.0,3179.44228597895
524,2024-01-22,108.63,108.63,-2.0,0.09999999999999998,-0.0,3333.196007459356,-2.0,0.09999999999999998,-0.0,3179.44228597895
525,2024-01-22,99.83,99.83,-1.1892630188024131,0.09999999999999998,-0.0,3333.196007459356,-2.0,0.09999999999999998,-0.0,3179.44228597895
526,2024-01-22,97.46612,97.46612,-2.0,0.09999999999999998,-0.0,3333.196007459356,-2.0,0.09999999999999998,-0.0,3179.44228597895
527,2024-01-22,90.01,90.01,-2.0,0.09999999999999998,-0.0,3333.196007459356,-2.0,0.09999999999999998,-0.0,3179.44228597895
528,2024-01-23,75.9,75.9,-1.9914762892479358,0.09999999999999998,-0.0,3333.196007459356,-2.0,0.09999999999999998,-0.0,3179.44228597895
529,2024-01-23,72.0,72.0,-2.0,0.09999999999999998,-0.0,3333.196007459356,1.8000000000000003,0.5275000000000001,-129.60000000000002,3049.8422859789503
530,2024-01-23,65.1,65.1,2.0,0.575,-130.2,3202.9960074593564,1.8000000000000003,0.9,-102.10421052631577,2947.7380754526343
531,2024-01-23,65.1,65.1,2.0,0.9,-89.0842105263158,3113.9117969330405,1.8000000000000003,0.9,-0.0,2947.7380754526343
532,2024-01-23,70.33,70.33,2.0,0.9,-0.0,3113.9117969330405,1.8000000000000003,0.9,-0.0,2947.7380754526343
533,2024-01-23,79.32,79.32,1.011255720053835,0.9,-0.0,3113.9117969330405,1.8000000000000003,0.9,-0.0,2947.7380754526343
534,2024-01-23,95.13,95.13,2.0,0.9,-0.0,3113.9117969330405,1.8000000000000003,0.9,-0.0,2947.7380754526343
535,2024-01-23,104.11,104.11,0.44871046783018675,0.9,-0.0,3113.9117969330405,-2.0,0.37368421052631584,208.22,3155.958075452634
536,2024-01-23,122.00354,122.00354,-2.0,0.37368421052631584,244.00708,3357.9188769330403,-2.0,0.09999999999999998,126.88368160000003,3282.841757052634
537,2024-01-23,105.0,105.0,-2.0,0.09999999999999998,109.20000000000003,3467.11887693304,-2.0,0.09999999999999998,-0.0,3282.841757052634
538,2024-01-23,96.45,96.45,-2.0,0.09999999999999998,-0.0,3467.11887693304,-2.0,0.09999999999999998,-0.0,3282.841757052634
539,2024-01-23,90.0,90.0,-1.7969206397425388,0.09999999999999998,-0.0,3467.11887693304,-2.0,0.09999999999999998,-0.0,3282.841757052634
540,2024-01-23,79.74703,79.74703,-2.0,0.09999999999999998,-0.0,3467.11887693304,1.8000000000000003,0.5275000000000001,-143.544654,3139.297103052634
541,2024-01-23,79.567,79.567,2.0,0.575,-159.134,3307.98487693304,1.8000000000000003,0.9,-124.79455789473681,3014.502545157897
542,2024-01-23,85.87885,85.87885,2.0,0.9,-117.5184263157895,3190.4664506172508,1.8000000000000003,0.9,-0.0,3014.502545157897
543,2024-01-23,92.89909,92.89909,0.49162184200964393,0.9,-0.0,3190.4664506172508,1.8000000000000003,0.9,-0.0,3014.502545157897
544,2024-01-23,100.13,100.13,2.0,0.9,-0.0,3190.4664506172508,1.8000000000000003,0.9,-0.0,3014.502545157897
545,2024-01-23,105.98,105.98,-2.0,0.37368421052631584,211.96,3402.426450617251,-2.0,0.37368421052631584,211.96,3226.4625451578972
546,2024-01-23,103.04,103.04,-2.0,0.09999999999999998,107.16160000000004,3509.5880506172507,-2.0,0.09999999999999998,107.16160000000004,3333.624145157897
547,2024-01-23,101.61,101.61,-1.0723318386654443,0.09999999999999998,-0.0,3509.5880506172507,-2.0,0.09999999999999998,-0.0,3333.624145157897
548,2024-01-23,99.46,99.46,-0.7704105300747047,0.09999999999999998,-0.0,3509.5880506172507,-2.0,0.09999999999999998,-0.0,3333.624145157897
549,2024-01-23,97.66,97.66,-2.0,0.09999999999999998,-0.0,3509.5880506172507,-2.0,0.09999999999999998,-0.0,3333.624145157897
550,2024-01-23,94.1,94.1,-2.0,0.09999999999999998,-0.0,3509.5880506172507,-2.0,0.09999999999999998,-0.0,3333.624145157897
551,2024-01-23,89.44,89.44,-1.7330630993799605,0.09999999999999998,-0.0,3509.5880506172507,-2.0,0.09999999999999998,-0.0,3333.624145157897
552,2024-01-24,76.4,76.4,-2.0,0.09999999999999998,-0.0,3509.5880506172507,-2.0,0.09999999999999998,-0.0,3333.624145157897
553,2024-01-24,69.0,69.0,-0.6802340443796121,0.09999999999999998,-0.0,3509.5880506172507,1.8000000000000003,0.5275000000000001,-124.20000000000002,3209.4241451578973
554,2024-01-24,65.7,65.7,2.0,0.575,-131.4,3378.1880506172506,1.8000000000000003,0.9,-103.04526315789472,3106.3788820000027
555,2024-01-24,65.3,65.3,2.0,0.9,-89.35789473684211,3288.8301558804087,1.8000000000000003,0.9,-0.0,3106.3788820000027
556,2024-01-24,66.85,66.85,2.0,0.9,-0.0,3288.8301558804087,1.8000000000000003,0.9,-0.0,3106.3788820000027
557,2024-01-24,79.0,79.0,2.0,0.9,-0.0,3288.8301558804087,1.8000000000000003,0.9,-0.0,3106.3788820000027
558,2024-01-24,97.01,97.01,0.08278671427108597,0.9,-0.0,3288.8301558804087,1.8000000000000003,0.9,-0.0,3106.3788820000027
559,2024-01-24,122.0061,122.0061,-2.0,0.37368421052631584,244.0122,3532.842355880409,-2.0,0.37368421052631584,244.0122,3350.391082000003
560,2024-01-24,128.0,128.0,-2.0,0.09999999999999998,133.12000000000003,3665.9623558804087,-2.0,0.09999999999999998,133.12000000000003,3483.5110820000027
561,2024-01-24,107.52,107.52,-2.0,0.09999999999999998,-0.0,3665.9623558804087,-2.0,0.09999999999999998,-0.0,3483.5110820000027
562,2024-01-24,98.3,98.3,-1.887555999462658,0.09999999999999998,-0.0,3665.9623558804087,-2.0,0.09999999999999998,-0.0,3483.5110820000027
563,2024-01-24,95.25,95.25,-1.4958919267902322,0.09999999999999998,-0.0,3665.9623558804087,-2.0,0.09999999999999998,-0.0,3483.5110820000027
564,2024-01-24,83.22628,83.22628,2.0,0.575,-166.45256,3499.5097958804085,1.8000000000000003,0.5275000000000001,-149.80730400000002,3333.703778000003
565,2024-01-24,84.97,84.97,2.0,0.9,-116.27473684210528,3383.2350590383035,1.8000000000000003,0.9,-133.26873684210526,3200.4350411578976
566,2024-01-24,95.25,95.25,2.0,0.9,-0.0,3383.2350590383035,1.8000000000000003,0.9,-0.0,3200.4350411578976
567,2024-01-24,101.0,101.0,0.613569858234447,0.9,-0.0,3383.2350590383035,1.8000000000000003,0.9,-0.0,3200.4350411578976
568,2024-01-24,111.88,111.88,2.0,0.9,-0.0,3383.2350590383035,1.8000000000000003,0.9,-0.0,3200.4350411578976
569,2024-01-24,125.53,125.53,-2.0,0.37368421052631584,251.06,3634.2950590383034,-2.0,0.37368421052631584,251.06,3451.4950411578975
570,2024-01-24,123.54,123.54,-2.0,0.09999999999999998,128.48160000000004,3762.7766590383035,-2.0,0.09999999999999998,128.48160000000004,3579.9766411578976
571,2024-01-24,119.27,119.27,-0.8633831255634484,0.09999999999999998,-0.0,3762.7766590383035,-2.0,0.09999999999999998,-0.0,3579.9766411578976
572,2024-01-24,105.04,105.04,-2.0,0.09999999999999998,-0.0,3762.7766590383035,-2.0,0.09999999999999998,-0.0,3579.9766411578976
573,2024-01-24,101.94,101.94,-1.459734534855371,0.09999999999999998,-0.0,3762.7766590383035,-2.0,0.09999999999999998,-0.0,3579.9766411578976
574,2024-01-24,97.09,97.09,-0.034839544195055916,0.09999999999999998,-0.0,3762.7766590383035,-2.0,0.09999999999999998,-0.0,3579.9766411578976
575,2024-01-24,94.0,94.0,-1.9115762366785052,0.09999999999999998,-0.0,3762.7766590383035,-2.0,0.09999999999999998,-0.0,3579.9766411578976
576,2024-01-25,80.34,80.34,-2.0,0.09999999999999998,-0.0,3762.7766590383035,-2.0,0.09999999999999998,-0.0,3579.9766411578976
577,2024-01-25,72.23,72.23,-0.6375502282120934,0.09999999999999998,-0.0,3762.7766590383035,-2.0,0.09999999999999998,-0.0,3579.9766411578976
578,2024-01-25,69.6,69.6,1.3684210526352427,0.4250000000008701,-95.24210526341288,3667.534553774891,1.8000000000000003,0.5275000000000001,-125.28000000000002,3454.6966411578974
579,2024-01-25,66.9,66.9,2.0,0.9,-133.79999999975493,3533.7345537751357,1.8000000000000003,0.9,-104.92736842105262,3349.769272736845
580,2024-01-25,69.76,69.76,2.0,0.9,-0.0,3533.7345537751357,1.8000000000000003,0.9,-0.0,3349.769272736845
581,2024-01-25,80.0,80.0,1.6696215007327533,0.9,-0.0,3533.7345537751357,1.8000000000000003,0.9,-0.0,3349.769272736845
582,2024-01-25,96.19,96.19,2.0,0.9,-0.0,3533.7345537751357,1.8000000000000003,0.9,-0.0,3349.769272736845
583,2024-01-25,106.13,106.13,1.7220293353816187,0.9,-0.0,3533.7345537751357,-2.0,0.37368421052631584,212.26,3562.029272736845
584,2024-01-25,124.23,124.23,-2.0,0.37368421052631584,248.46,3782.194553775136,-2.0,0.09999999999999998,129.19920000000005,3691.228472736845
585,2024-01-25,106.3,106.3,-2.0,0.09999999999999998,110.55200000000002,3892.746553775136,-2.0,0.09999999999999998,-0.0,3691.228472736845
586,2024-01-25,94.19572,94.19572,-0.833169400694491,0.09999999999999998,-0.0,3892.746553775136,-2.0,0.09999999999999998,-0.0,3691.228472736845
587,2024-01-25,89.10863,89.10863,-0.13346240024246664,0.09999999999999998,-0.0,3892.746553775136,-2.0,0.09999999999999998,-0.0,3691.228472736845
588,2024-01-25,78.212,78.212,2.0,0.575,-156.424,3736.322553775136,1.8000000000000003,0.5275000000000001,-140.78160000000003,3550.446872736845
589,2024-01-25,78.39197,78.39197,2.0,0.9,-107.27322210526317,3629.0493316698726,1.8000000000000003,0.9,-122.95161610526314,3427.495256631582
590,2024-01-25,89.67638,89.67638,0.9427471820951808,0.9,-0.0,3629.0493316698726,1.8000000000000003,0.9,-0.0,3427.495256631582
591,2024-01-25,98.43,98.43,2.0,0.9,-0.0,3629.0493316698726,1.8000000000000003,0.9,-0.0,3427.495256631582
592,2024-01-25,108.56,108.56,2.0,0.9,-0.0,3629.0493316698726,1.8000000000000003,0.9,-0.0,3427.495256631582
593,2024-01-25,126.56,126.56,-2.0,0.37368421052631584,253.12,3882.1693316698725,-2.0,0.37368421052631584,253.12,3680.615256631582
594,2024-01-25,122.00018,122.00018,-2.0,0.09999999999999998,126.88018720000004,4009.0495188698724,-2.0,0.09999999999999998,126.88018720000004,3807.4954438315817
595,2024-01-25,120.0,120.0,-2.0,0.09999999999999998,-0.0,4009.0495188698724,-2.0,0.09999999999999998,-0.0,3807.4954438315817
596,2024-01-25,106.13,106.13,-2.0,0.09999999999999998,-0.0,4009.0495188698724,-2.0,0.09999999999999998,-0.0,3807.4954438315817
597,2024-01-25,99.89,99.89,-2.0,0.09999999999999998,-0.0,4009.0495188698724,-2.0,0.09999999999999998,-0.0,3807.4954438315817
598,2024-01-25,96.82,96.82,-0.1293928778025406,0.09999999999999998,-0.0,4009.0495188698724,-2.0,0.09999999999999998,-0.0,3807.4954438315817
599,2024-01-25,95.68,95.68,-2.0,0.09999999999999998,-0.0,4009.0495188698724,-2.0,0.09999999999999998,-0.0,3807.4954438315817
600,2024-01-26,93.8,93.8,-0.7117862397001162,0.09999999999999998,-0.0,4009.0495188698724,-2.0,0.09999999999999998,-0.0,3807.4954438315817
601,2024-01-26,88.89,88.89,-1.016674131966596,0.09999999999999998,-0.0,4009.0495188698724,-2.0,0.09999999999999998,-0.0,3807.4954438315817
602,2024-01-26,85.8,85.8,-0.18856706136560375,0.09999999999999998,-0.0,4009.0495188698724,1.8000000000000003,0.5275000000000001,-154.44000000000003,3653.0554438315817
603,2024-01-26,83.0,83.0,2.0,0.575,-166.0,3843.0495188698724,1.8000000000000003,0.9,-130.17894736842103,3522.8764964631605
604,2024-01-26,85.0,85.0,2.0,0.9,-116.31578947368423,3726.733729396188,1.8000000000000003,0.9,-0.0,3522.8764964631605
605,2024-01-26,90.01,90.01,2.0,0.9,-0.0,3726.733729396188,1.8000000000000003,0.9,-0.0,3522.8764964631605
606,2024-01-26,99.3,99.3,2.0,0.9,-0.0,3726.733729396188,1.8000000000000003,0.9,-0.0,3522.8764964631605
607,2024-01-26,120.05,120.05,0.7487639166524069,0.9,-0.0,3726.733729396188,-2.0,0.37368421052631584,240.1,3762.9764964631604
608,2024-01-26,135.0,135.0,-2.0,0.37368421052631584,270.0,3996.733729396188,-2.0,0.09999999999999998,140.40000000000003,3903.3764964631605
609,2024-01-26,120.05,120.05,-2.0,0.09999999999999998,124.85200000000003,4121.585729396188,-2.0,0.09999999999999998,-0.0,3903.3764964631605
610,2024-01-26,100.31,100.31,-2.0,0.09999999999999998,-0.0,4121.585729396188,-2.0,0.09999999999999998,-0.0,3903.3764964631605
611,2024-01-26,96.87346,96.87346,-0.3246456386120462,0.09999999999999998,-0.0,4121.585729396188,-2.0,0.09999999999999998,-0.0,3903.3764964631605
612,2024-01-26,86.44,86.44,2.0,0.575,-172.88,3948.705729396188,1.8000000000000003,0.5275000000000001,-155.592,3747.7844964631604
613,2024-01-26,87.52317,87.52317,2.0,0.9,-119.76854842105264,3828.937180975135,1.8000000000000003,0.9,-137.2731824210526,3610.5113140421076
614,2024-01-26,95.01,95.01,2.0,0.9,-0.0,3828.937180975135,1.8000000000000003,0.9,-0.0,3610.5113140421076
615,2024-01-26,101.6558,101.6558,2.0,0.9,-0.0,3828.937180975135,1.8000000000000003,0.9,-0.0,3610.5113140421076
616,2024-01-26,117.45,117.45,2.0,0.9,-0.0,3828.937180975135,1.8000000000000003,0.9,-0.0,3610.5113140421076
617,2024-01-26,128.0,128.0,-2.0,0.37368421052631584,256.0,4084.937180975135,-2.0,0.37368421052631584,256.0,3866.5113140421076
618,2024-01-26,119.99,119.99,-1.8649330112269527,0.09999999999999998,124.78960000000002,4209.726780975135,-2.0,0.09999999999999998,124.78960000000002,3991.3009140421077
619,2024-01-26,115.0,115.0,-2.0,0.09999999999999998,-0.0,4209.726780975135,-2.0,0.09999999999999998,-0.0,3991.3009140421077
620,2024-01-26,101.24552,101.24552,-2.0,0.09999999999999998,-0.0,4209.726780975135,-2.0,0.09999999999999998,-0.0,3991.3009140421077
621,2024-01-26,98.57,98.57,-1.7795087678194146,0.09999999999999998,-0.0,4209.726780975135,-2.0,0.09999999999999998,-0.0,3991.3009140421077
622,2024-01-26,95.48,95.48,-1.9990148221723643,0.09999999999999998,-0.0,4209.726780975135,-2.0,0.09999999999999998,-0.0,3991.3009140421077
623,2024-01-26,94.05,94.05,-0.4270195863419688,0.09999999999999998,-0.0,4209.726780975135,-2.0,0.09999999999999998,-0.0,3991.3009140421077
624,2024-01-27,97.29,97.29,-2.0,0.09999999999999998,-0.0,4209.726780975135,-2.0,0.09999999999999998,-0.0,3991.3009140421077
625,2024-01-27,93.27,93.27,-1.1952990210470005,0.09999999999999998,-0.0,4209.726780975135,-2.0,0.09999999999999998,-0.0,3991.3009140421077
626,2024-01-27,90.46,90.46,-2.0,0.09999999999999998,-0.0,4209.726780975135,1.8000000000000003,0.5275000000000001,-162.828,3828.4729140421077
627,2024-01-27,86.44,86.44,1.2255099233312021,0.39105860679116045,-105.93307777274912,4103.793703202386,1.8000000000000003,0.9,-135.57431578947367,3692.898598252634
628,2024-01-27,85.7,85.7,2.0,0.8660586067911604,-171.4,3932.3937032023855,1.8000000000000003,0.9,-0.0,3692.898598252634
629,2024-01-27,86.44,86.44,2.0,0.9,-12.353238016724612,3920.040465185661,1.8000000000000003,0.9,-0.0,3692.898598252634
630,2024-01-27,95.21,95.21,1.0820355291466006,0.9,-0.0,3920.040465185661,1.8000000000000003,0.9,-0.0,3692.898598252634
631,2024-01-27,104.94,104.94,2.0,0.9,-0.0,3920.040465185661,1.8000000000000003,0.9,-0.0,3692.898598252634
632,2024-01-27,114.2,114.2,-2.0,0.37368421052631584,228.4,4148.440465185661,-2.0,0.37368421052631584,228.4,3921.2985982526343
633,2024-01-27,104.23,104.23,-2.0,0.09999999999999998,108.39920000000004,4256.839665185661,-2.0,0.09999999999999998,108.39920000000004,4029.697798252634
634,2024-01-27,95.0,95.0,-2.0,0.09999999999999998,-0.0,4256.839665185661,-2.0,0.09999999999999998,-0.0,4029.697798252634
635,2024-01-27,85.0,85.0,-2.0,0.09999999999999998,-0.0,4256.839665185661,-2.0,0.09999999999999998,-0.0,4029.697798252634
636,2024-01-27,70.57,70.57,1.3684210528732823,0.4250000000574045,-96.56947370126753,4160.270191484394,1.8000000000000003,0.5275000000000001,-127.02600000000001,3902.6717982526343
637,2024-01-27,70.19,70.19,2.0,0.9,-140.37999998303485,4019.890191501359,1.8000000000000003,0.9,-110.08747368421051,3792.5843245684237
638,2024-01-27,71.95,71.95,2.0,0.9,-0.0,4019.890191501359,1.8000000000000003,0.9,-0.0,3792.5843245684237
639,2024-01-27,78.34,78.34,2.0,0.9,-0.0,4019.890191501359,1.8000000000000003,0.9,-0.0,3792.5843245684237
640,2024-01-27,96.33,96.33,2.0,0.9,-0.0,4019.890191501359,1.8000000000000003,0.9,-0.0,3792.5843245684237
641,2024-01-27,101.94,101.94,1.193391239793296,0.9,-0.0,4019.890191501359,1.8000000000000003,0.9,-0.0,3792.5843245684237
642,2024-01-27,105.78,105.78,-2.0,0.37368421052631584,211.56,4231.450191501359,-2.0,0.37368421052631584,211.56,4004.1443245684236
643,2024-01-27,105.33,105.33,-2.0,0.09999999999999998,109.54320000000003,4340.993391501359,-2.0,0.09999999999999998,109.54320000000003,4113.687524568423
644,2024-01-27,98.61,98.61,-2.0,0.09999999999999998,-0.0,4340.993391501359,-2.0,0.09999999999999998,-0.0,4113.687524568423
645,2024-01-27,97.29,97.29,-2.0,0.09999999999999998,-0.0,4340.993391501359,-2.0,0.09999999999999998,-0.0,4113.687524568423
646,2024-01-27,90.78,90.78,-2.0,0.09999999999999998,-0.0,4340.993391501359,-2.0,0.09999999999999998,-0.0,4113.687524568423
647,2024-01-27,84.0,84.0,-1.4726956042032266,0.09999999999999998,-0.0,4340.993391501359,-2.0,0.09999999999999998,-0.0,4113.687524568423
648,2024-01-28,75.11,75.11,-1.9398892901981089,0.09999999999999998,-0.0,4340.993391501359,-2.0,0.09999999999999998,-0.0,4113.687524568423
649,2024-01-28,73.27,73.27,-2.0,0.09999999999999998,-0.0,4340.993391501359,-2.0,0.09999999999999998,-0.0,4113.687524568423
650,2024-01-28,70.46,70.46,-1.6319810549513702,0.09999999999999998,-0.0,4340.993391501359,-0.19999999999999996,0.09999999999999998,-0.0,4113.687524568423
651,2024-01-28,66.44,66.44,-0.6516705201860007,0.09999999999999998,-0.0,4340.993391501359,1.8000000000000003,0.5275000000000001,-119.59200000000001,3994.095524568423
652,2024-01-28,61.93,61.93,2.0,0.575,-123.86,4217.133391501359,1.8000000000000003,0.9,-97.13231578947367,3896.9632087789496
653,2024-01-28,61.82058,61.82058,2.0,0.9,-84.59658315789476,4132.536808343464,1.8000000000000003,0.9,-0.0,3896.9632087789496
654,2024-01-28,70.4,70.4,2.0,0.9,-0.0,4132.536808343464,1.8000000000000003,0.9,-0.0,3896.9632087789496
655,2024-01-28,75.19,75.19,1.841032577590989,0.9,-0.0,4132.536808343464,-2.0,0.37368421052631584,150.38,4047.3432087789497
656,2024-01-28,90.0,90.0,-2.0,0.37368421052631584,180.0,4312.536808343464,-2.0,0.09999999999999998,93.60000000000002,4140.94320877895
657,2024-01-28,89.37,89.37,-2.0,0.09999999999999998,92.94480000000003,4405.481608343464,-2.0,0.09999999999999998,-0.0,4140.94320877895
658,2024-01-28,65.0,65.0,-1.992544971831904,0.09999999999999998,-0.0,4405.481608343464,-2.0,0.09999999999999998,-0.0,4140.94320877895
659,2024-01-28,49.99,49.99,1.227098122673737,0.3914358041350125,-61.34263515246011,4344.138973191004,-2.0,0.09999999999999998,-0.0,4140.94320877895
660,2024-01-28,50.0,50.0,2.0,0.8664358041350124,-100.0,4244.138973191004,1.8000000000000003,0.5275000000000001,-90.00000000000001,4050.94320877895
661,2024-01-28,48.33318,48.33318,2.0,0.9,-6.830586611779796,4237.308386579224,1.8000000000000003,0.9,-75.80677705263156,3975.1364317263187
662,2024-01-28,67.08,67.08,2.0,0.9,-0.0,4237.308386579224,1.8000000000000003,0.9,-0.0,3975.1364317263187
663,2024-01-28,77.30454,77.30454,2.0,0.9,-0.0,4237.308386579224,1.8000000000000003,0.9,-0.0,3975.1364317263187
664,2024-01-28,88.28622,88.28622,1.7629852947032374,0.9,-0.0,4237.308386579224,1.8000000000000003,0.9,-0.0,3975.1364317263187
665,2024-01-28,98.35821,98.35821,1.944292820259119,0.9,-0.0,4237.308386579224,-2.0,0.37368421052631584,196.71642,4171.8528517263185
666,2024-01-28,100.0,100.0,2.0,0.9,-0.0,4237.308386579224,-2.0,0.09999999999999998,104.00000000000003,4275.8528517263185
667,2024-01-28,100.56,100.56,-2.0,0.37368421052631584,201.12,4438.428386579224,-2.0,0.09999999999999998,-0.0,4275.8528517263185
668,2024-01-28,97.44,97.44,-2.0,0.09999999999999998,101.33760000000002,4539.765986579224,-2.0,0.09999999999999998,-0.0,4275.8528517263185
669,2024-01-28,97.0,97.0,-1.8734643776101367,0.09999999999999998,-0.0,4539.765986579224,-2.0,0.09999999999999998,-0.0,4275.8528517263185
670,2024-01-28,90.93,90.93,-0.6512426388571926,0.09999999999999998,-0.0,4539.765986579224,-2.0,0.09999999999999998,-0.0,4275.8528517263185
671,2024-01-28,75.11,75.11,-2.0,0.09999999999999998,-0.0,4539.765986579224,-2.0,0.09999999999999998,-0.0,4275.8528517263185
672,2024-01-29,75.11,75.11,-2.0,0.09999999999999998,-0.0,4539.765986579224,-2.0,0.09999999999999998,-0.0,4275.8528517263185
673,2024-01-29,68.11,68.11,-1.0239422658519846,0.09999999999999998,-0.0,4539.765986579224,-2.0,0.09999999999999998,-0.0,4275.8528517263185
674,2024-01-29,70.46,70.46,-2.0,0.09999999999999998,-0.0,4539.765986579224,1.8000000000000003,0.5275000000000001,-126.828,4149.024851726318
675,2024-01-29,66.44,66.44,1.3684210526315828,0.4250000000000009,-90.91789473684236,4448.848091842381,1.8000000000000003,0.9,-104.20589473684208,4044.8189569894757
676,2024-01-29,62.77,62.77,2.0,0.9,-125.53999999999978,4323.308091842381,1.8000000000000003,0.9,-0.0,4044.8189569894757
677,2024-01-29,78.8,78.8,2.0,0.9,-0.0,4323.308091842381,1.8000000000000003,0.9,-0.0,4044.8189569894757
678,2024-01-29,96.78,96.78,2.0,0.9,-0.0,4323.308091842381,1.8000000000000003,0.9,-0.0,4044.8189569894757
679,2024-01-29,103.14,103.14,1.954808901886939,0.9,-0.0,4323.308091842381,1.8000000000000003,0.9,-0.0,4044.8189569894757
680,2024-01-29,126.2,126.2,-2.0,0.37368421052631584,252.4,4575.708091842381,-2.0,0.37368421052631584,252.4,4297.218956989475
681,2024-01-29,105.0,105.0,-2.0,0.09999999999999998,109.20000000000003,4684.908091842381,-2.0,0.09999999999999998,109.20000000000003,4406.418956989475
682,2024-01-29,98.61,98.61,-2.0,0.09999999999999998,-0.0,4684.908091842381,-2.0,0.09999999999999998,-0.0,4406.418956989475
683,2024-01-29,95.96789,95.96789,0.0,0.09999999999999998,-0.0,4684.908091842381,-2.0,0.09999999999999998,-0.0,4406.418956989475
684,2024-01-29,90.11,90.11,2.0,0.575,-180.22,4504.68809184238,1.8000000000000003,0.5275000000000001,-162.19800000000004,4244.220956989475
685,2024-01-29,90.5,90.5,2.0,0.9,-123.84210526315792,4380.845986579223,1.8000000000000003,0.9,-141.94210526315788,4102.278851726317
686,2024-01-29,96.0,96.0,2.0,0.9,-0.0,4380.845986579223,1.8000000000000003,0.9,-0.0,4102.278851726317
687,2024-01-29,100.42531,100.42531,1.8237216117945216,0.9,-0.0,4380.845986579223,1.8000000000000003,0.9,-0.0,4102.278851726317
688,2024-01-29,109.78,109.78,2.0,0.9,-0.0,4380.845986579223,1.8000000000000003,0.9,-0.0,4102.278851726317
689,2024-01-29,126.3,126.3,-2.0,0.37368421052631584,252.6,4633.445986579223,-2.0,0.37368421052631584,252.6,4354.878851726317
690,2024-01-29,120.69,120.69,-2.0,0.09999999999999998,125.51760000000003,4758.963586579223,-2.0,0.09999999999999998,125.51760000000003,4480.3964517263175
691,2024-01-29,113.28,113.28,-2.0,0.09999999999999998,-0.0,4758.963586579223,-2.0,0.09999999999999998,-0.0,4480.3964517263175
692,2024-01-29,101.0,101.0,-1.7626658098972152,0.09999999999999998,-0.0,4758.963586579223,-2.0,0.09999999999999998,-0.0,4480.3964517263175
693,2024-01-29,99.0,99.0,-0.39453874842683,0.09999999999999998,-0.0,4758.963586579223,-2.0,0.09999999999999998,-0.0,4480.3964517263175
694,2024-01-29,96.21,96.21,-2.0,0.09999999999999998,-0.0,4758.963586579223,-2.0,0.09999999999999998,-0.0,4480.3964517263175
695,2024-01-29,92.52,92.52,-0.17084578088170702,0.09999999999999998,-0.0,4758.963586579223,-2.0,0.09999999999999998,-0.0,4480.3964517263175
696,2024-01-30,84.7,84.7,-2.0,0.09999999999999998,-0.0,4758.963586579223,-2.0,0.09999999999999998,-0.0,4480.3964517263175
697,2024-01-30,83.03,83.03,-0.42579478125209624,0.09999999999999998,-0.0,4758.963586579223,-2.0,0.09999999999999998,-0.0,4480.3964517263175
698,2024-01-30,78.34,78.34,2.0,0.575,-156.68,4602.283586579223,1.8000000000000003,0.5275000000000001,-141.01200000000003,4339.384451726318
699,2024-01-30,79.91,79.91,2.0,0.9,-109.3505263157895,4492.933060263434,1.8000000000000003,0.9,-125.33252631578945,4214.051925410528
700,2024-01-30,83.03,83.03,2.0,0.9,-0.0,4492.933060263434,1.8000000000000003,0.9,-0.0,4214.051925410528
701,2024-01-30,83.78,83.78,1.3807069784830452,0.9,-0.0,4492.933060263434,1.8000000000000003,0.9,-0.0,4214.051925410528
702,2024-01-30,97.8,97.8,2.0,0.9,-0.0,4492.933060263434,1.8000000000000003,0.9,-0.0,4214.051925410528
703,2024-01-30,107.61,107.61,2.0,0.9,-0.0,4492.933060263434,-2.0,0.37368421052631584,215.22,4429.271925410529
704,2024-01-30,127.01,127.01,-2.0,0.37368421052631584,254.02,4746.953060263434,-2.0,0.09999999999999998,132.09040000000005,4561.362325410529
705,2024-01-30,110.16,110.16,-2.0,0.09999999999999998,114.56640000000003,4861.519460263434,-2.0,0.09999999999999998,-0.0,4561.362325410529
706,2024-01-30,100.0,100.0,-1.7266392051793744,0.09999999999999998,-0.0,4861.519460263434,-2.0,0.09999999999999998,-0.0,4561.362325410529
707,2024-01-30,95.5,95.5,-0.5484883431008634,0.09999999999999998,-0.0,4861.519460263434,-2.0,0.09999999999999998,-0.0,4561.362325410529
708,2024-01-30,84.0,84.0,2.0,0.575,-168.0,4693.519460263434,1.8000000000000003,0.5275000000000001,-151.20000000000002,4410.162325410529
709,2024-01-30,84.0,84.0,2.0,0.9,-114.94736842105266,4578.572091842381,1.8000000000000003,0.9,-131.7473684210526,4278.414956989476
710,2024-01-30,94.52,94.52,2.0,0.9,-0.0,4578.572091842381,1.8000000000000003,0.9,-0.0,4278.414956989476
711,2024-01-30,100.0,100.0,2.0,0.9,-0.0,4578.572091842381,1.8000000000000003,0.9,-0.0,4278.414956989476
712,2024-01-30,110.0,110.0,2.0,0.9,-0.0,4578.572091842381,1.8000000000000003,0.9,-0.0,4278.414956989476
713,2024-01-30,124.34,124.34,-2.0,0.37368421052631584,248.68,4827.252091842382,-2.0,0.37368421052631584,248.68,4527.0949569894765
714,2024-01-30,123.69,123.69,-2.0,0.09999999999999998,128.63760000000002,4955.889691842382,-2.0,0.09999999999999998,128.63760000000002,4655.7325569894765
715,2024-01-30,118.14,118.14,-2.0,0.09999999999999998,-0.0,4955.889691842382,-2.0,0.09999999999999998,-0.0,4655.7325569894765
716,2024-01-30,108.14343,108.14343,-2.0,0.09999999999999998,-0.0,4955.889691842382,-2.0,0.09999999999999998,-0.0,4655.7325569894765
717,2024-01-30,102.02,102.02,-0.6481934296175509,0.09999999999999998,-0.0,4955.889691842382,-2.0,0.09999999999999998,-0.0,4655.7325569894765
718,2024-01-30,98.0,98.0,-2.0,0.09999999999999998,-0.0,4955.889691842382,-2.0,0.09999999999999998,-0.0,4655.7325569894765
719,2024-01-30,96.78,96.78,-0.4647287538047248,0.09999999999999998,-0.0,4955.889691842382,-2.0,0.09999999999999998,-0.0,4655.7325569894765
720,2024-01-31,95.2,95.2,-2.0,0.09999999999999998,-0.0,4955.889691842382,-2.0,0.09999999999999998,-0.0,4655.7325569894765
721,2024-01-31,95.2,95.2,-2.0,0.09999999999999998,-0.0,4955.889691842382,-2.0,0.09999999999999998,-0.0,4655.7325569894765
722,2024-01-31,85.52,85.52,2.0,0.575,-171.04,4784.849691842382,1.8000000000000003,0.5275000000000001,-153.936,4501.796556989477
723,2024-01-31,89.81,89.81,2.0,0.9,-122.89789473684213,4661.951797105539,1.8000000000000003,0.9,-140.85989473684208,4360.936662252635
724,2024-01-31,91.03,91.03,2.0,0.9,-0.0,4661.951797105539,1.8000000000000003,0.9,-0.0,4360.936662252635
725,2024-01-31,95.13,95.13,1.7963078279148492,0.9,-0.0,4661.951797105539,1.8000000000000003,0.9,-0.0,4360.936662252635
726,2024-01-31,103.37,103.37,0.5863601839739332,0.9,-0.0,4661.951797105539,1.8000000000000003,0.9,-0.0,4360.936662252635
727,2024-01-31,111.76,111.76,2.0,0.9,-0.0,4661.951797105539,-2.0,0.37368421052631584,223.52,4584.456662252635
728,2024-01-31,123.39974,123.39974,-2.0,0.37368421052631584,246.79948,4908.751277105539,-2.0,0.09999999999999998,128.33572960000004,4712.792391852636
729,2024-01-31,115.63,115.63,-2.0,0.09999999999999998,120.25520000000003,5029.006477105539,-2.0,0.09999999999999998,-0.0,4712.792391852636
730,2024-01-31,99.38,99.38,-2.0,0.09999999999999998,-0.0,5029.006477105539,-2.0,0.09999999999999998,-0.0,4712.792391852636
731,2024-01-31,94.73,94.73,-1.5842760554196402,0.09999999999999998,-0.0,5029.006477105539,-2.0,0.09999999999999998,-0.0,4712.792391852636
732,2024-01-31,80.5,80.5,1.3684210643672887,0.42500000278723105,-110.15789568156674,4918.848581423972,1.8000000000000003,0.5275000000000001,-144.90000000000003,4567.892391852636
733,2024-01-31,79.99,79.99,2.0,0.9,-159.9799990612606,4758.868582362711,1.8000000000000003,0.9,-125.45799999999997,4442.4343918526365
734,2024-01-31,89.5,89.5,2.0,0.9,-0.0,4758.868582362711,1.8000000000000003,0.9,-0.0,4442.4343918526365
735,2024-01-31,97.53,97.53,0.5956477971225319,0.9,-0.0,4758.868582362711,1.8000000000000003,0.9,-0.0,4442.4343918526365
736,2024-01-31,103.58,103.58,1.39635727272006,0.9,-0.0,4758.868582362711,1.8000000000000003,0.9,-0.0,4442.4343918526365
737,2024-01-31,116.52,116.52,-1.2000000000002984,0.5842105263157109,139.82400000003477,4898.692582362746,-2.0,0.37368421052631584,233.04,4675.4743918526365
738,2024-01-31,115.0,115.0,0.0,0.5842105263157109,-0.0,4898.692582362746,-2.0,0.09999999999999998,119.60000000000002,4795.074391852637
739,2024-01-31,117.15,117.15,-2.0,0.09999999999999998,215.55599999996502,5114.248582362711,-2.0,0.09999999999999998,-0.0,4795.074391852637
740,2024-01-31,105.0,105.0,-0.9879984450626744,0.09999999999999998,-0.0,5114.248582362711,-2.0,0.09999999999999998,-0.0,4795.074391852637
741,2024-01-31,101.37,101.37,-1.2079807089219141,0.09999999999999998,-0.0,5114.248582362711,-2.0,0.09999999999999998,-0.0,4795.074391852637
742,2024-01-31,99.38,99.38,-1.9599828071775507,0.09999999999999998,-0.0,5114.248582362711,-2.0,0.09999999999999998,-0.0,4795.074391852637
743,2024-01-31,96.2,96.2,-0.12331278519929245,0.09999999999999998,-0.0,5114.248582362711,-2.0,0.09999999999999998,-0.0,4795.074391852637
