Hour,Date,True_Price,Forecast_Price,PSO_Energy_Actual,PSO_SOC,PSO_Instant_Profit,PSO_Cumulative_Profit,PPO_Energy_Actual,PPO_SOC,PPO_Instant_Profit,PPO_Cumulative_Profit
0,2024-01-01,107.09,107.09,-1.52,0.1,162.7768,162.7768,-1.52,0.1,162.7768,162.7768
1,2024-01-01,104.0,104.0,0.0,0.1,-0.0,162.7768,0.0,0.1,-0.0,162.7768
2,2024-01-01,100.0,100.0,0.0,0.1,-0.0,162.7768,0.0,0.1,-0.0,162.7768
3,2024-01-01,85.66,85.66,0.0,0.1,-0.0,162.7768,2.0,0.575,-171.32,-8.543199999999985
4,2024-01-01,85.0,85.0,0.0,0.1,-0.0,162.7768,1.3684210526315792,0.9,-116.31578947368423,-124.85898947368422
5,2024-01-01,85.53,85.53,2.0,0.575,-171.06,-8.283199999999994,0.0,0.9,-0.0,-124.85898947368422
6,2024-01-01,95.07,95.07,1.3684210526315792,0.9,-130.09578947368422,-138.37898947368421,0.0,0.9,-0.0,-124.85898947368422
7,2024-01-01,104.07,104.07,0.0,0.9,-0.0,-138.37898947368421,0.0,0.9,-0.0,-124.85898947368422
8,2024-01-01,106.95,106.95,0.0,0.9,-0.0,-138.37898947368421,0.0,0.9,-0.0,-124.85898947368422
9,2024-01-01,107.08,107.08,0.0,0.9,-0.0,-138.37898947368421,-1.6,0.4789473684210526,171.328,46.469010526315785
10,2024-01-01,104.0,104.0,-2.0,0.37368421052631584,208.0,69.62101052631579,-1.4399999999999997,0.10000000000000003,149.75999999999996,196.22901052631573
11,2024-01-01,98.13,98.13,2.0,0.8486842105263158,-196.26,-126.6389894736842,0.0,0.10000000000000003,-0.0,196.22901052631573
12,2024-01-01,101.55,101.55,0.0,0.8486842105263158,-0.0,-126.6389894736842,0.0,0.10000000000000003,-0.0,196.22901052631573
13,2024-01-01,98.16,98.16,0.21606648199445982,0.9,-21.209085872576175,-147.84807534626037,2.0,0.575,-196.32,-0.09098947368426025
14,2024-01-01,98.17,98.17,0.0,0.9,-0.0,-147.84807534626037,1.3684210526315792,0.9,-134.33789473684214,-134.4288842105264
15,2024-01-01,105.54,105.54,0.0,0.9,-0.0,-147.84807534626037,0.0,0.9,-0.0,-134.4288842105264
16,2024-01-01,110.0,110.0,0.0,0.9,-0.0,-147.84807534626037,0.0,0.9,-0.0,-134.4288842105264
17,2024-01-01,120.04,120.04,0.0,0.9,-0.0,-147.84807534626037,0.0,0.9,-0.0,-134.4288842105264
18,2024-01-01,131.5,131.5,-1.2000006467163402,0.5842103561272789,157.80008504319875,9.952009696938376,-1.6,0.4789473684210526,210.4,75.9711157894736
19,2024-01-01,132.0,132.0,-1.8399993532836598,0.1,242.8799146334431,252.83192433038147,-1.4399999999999997,0.10000000000000003,190.07999999999996,266.05111578947356
20,2024-01-01,127.75,127.75,0.0,0.1,-0.0,252.83192433038147,0.0,0.10000000000000003,-0.0,266.05111578947356
21,2024-01-01,113.48,113.48,0.0,0.1,-0.0,252.83192433038147,0.0,0.10000000000000003,-0.0,266.05111578947356
22,2024-01-01,109.18,109.18,0.0,0.1,-0.0,252.83192433038147,0.0,0.10000000000000003,-0.0,266.05111578947356
23,2024-01-01,107.2,107.2,0.0,0.1,-0.0,252.83192433038147,0.0,0.10000000000000003,-0.0,266.05111578947356
24,2024-01-02,105.49,105.49,0.0,0.1,-0.0,252.83192433038147,0.0,0.10000000000000003,-0.0,266.05111578947356
25,2024-01-02,90.09,90.09,0.0,0.1,-0.0,252.83192433038147,2.0,0.575,-180.18,85.87111578947355
26,2024-01-02,84.27,84.27,2.0,0.575,-168.54,84.29192433038148,1.3684210526315792,0.9,-115.31684210526318,-29.445726315789628
27,2024-01-02,84.27,84.27,1.3684210526315792,0.9,-115.31684210526318,-31.0249177748817,0.0,0.9,-0.0,-29.445726315789628
28,2024-01-02,84.27,84.27,0.0,0.9,-0.0,-31.0249177748817,0.0,0.9,-0.0,-29.445726315789628
29,2024-01-02,100.0,100.0,0.0,0.9,-0.0,-31.0249177748817,0.0,0.9,-0.0,-29.445726315789628
30,2024-01-02,108.28,108.28,0.0,0.9,-0.0,-31.0249177748817,0.0,0.9,-0.0,-29.445726315789628
31,2024-01-02,113.85,113.85,0.0,0.9,-0.0,-31.0249177748817,0.0,0.9,-0.0,-29.445726315789628
32,2024-01-02,126.9,126.9,-2.0,0.37368421052631584,253.8,222.7750822251183,-1.6,0.4789473684210526,203.04000000000002,173.5942736842104
33,2024-01-02,119.5,119.5,-1.0400000000000003,0.1,124.28000000000003,347.0550822251183,-1.4399999999999997,0.10000000000000003,172.07999999999996,345.67427368421033
34,2024-01-02,110.6,110.6,0.0,0.1,-0.0,347.0550822251183,0.0,0.10000000000000003,-0.0,345.67427368421033
35,2024-01-02,108.28,108.28,0.0,0.1,-0.0,347.0550822251183,0.0,0.10000000000000003,-0.0,345.67427368421033
36,2024-01-02,105.88,105.88,1.368421052631583,0.42500000000000093,-144.888421052632,202.16666117248633,0.0,0.10000000000000003,-0.0,345.67427368421033
37,2024-01-02,100.15,100.15,1.9999999999999962,0.9,-200.29999999999964,1.8666611724866868,2.0,0.575,-200.3,145.37427368421032
38,2024-01-02,108.28,108.28,0.0,0.9,-0.0,1.8666611724866868,1.3684210526315792,0.9,-148.1726315789474,-2.79835789473708
39,2024-01-02,110.0,110.0,0.0,0.9,-0.0,1.8666611724866868,0.0,0.9,-0.0,-2.79835789473708
40,2024-01-02,112.8,112.8,0.0,0.9,-0.0,1.8666611724866868,0.0,0.9,-0.0,-2.79835789473708
41,2024-01-02,129.99,129.99,-1.20000000000814,0.5842105263136473,155.98800000105814,157.85466117354483,-1.6,0.4789473684210526,207.98400000000004,205.18564210526296
42,2024-01-02,130.0,130.0,-1.83999999999186,0.1,239.1999999989418,397.0546611724866,-1.4399999999999997,0.10000000000000003,187.19999999999996,392.38564210526295
43,2024-01-02,124.29,124.29,0.0,0.1,-0.0,397.0546611724866,0.0,0.10000000000000003,-0.0,392.38564210526295
44,2024-01-02,111.26,111.26,0.0,0.1,-0.0,397.0546611724866,0.0,0.10000000000000003,-0.0,392.38564210526295
45,2024-01-02,108.28,108.28,0.0,0.1,-0.0,397.0546611724866,0.0,0.10000000000000003,-0.0,392.38564210526295
46,2024-01-02,106.0,106.0,0.0,0.1,-0.0,397.0546611724866,0.0,0.10000000000000003,-0.0,392.38564210526295
47,2024-01-02,92.41,92.41,0.0,0.1,-0.0,397.0546611724866,0.0,0.10000000000000003,-0.0,392.38564210526295
48,2024-01-03,82.5,82.5,0.0,0.1,-0.0,397.0546611724866,0.0,0.10000000000000003,-0.0,392.38564210526295
49,2024-01-03,70.1,70.1,0.0,0.1,-0.0,397.0546611724866,0.0,0.10000000000000003,-0.0,392.38564210526295
50,2024-01-03,50.21346,50.21346,0.0,0.1,-0.0,397.0546611724866,2.0,0.575,-100.42692,291.95872210526295
51,2024-01-03,40.0,40.0,2.0,0.575,-80.0,317.0546611724866,1.3684210526315792,0.9,-54.736842105263165,237.22187999999977
52,2024-01-03,50.0,50.0,1.3684210526315792,0.9,-68.42105263157896,248.63360854090763,0.0,0.9,-0.0,237.22187999999977
53,2024-01-03,75.0,75.0,0.0,0.9,-0.0,248.63360854090763,0.0,0.9,-0.0,237.22187999999977
54,2024-01-03,95.46,95.46,0.0,0.9,-0.0,248.63360854090763,0.0,0.9,-0.0,237.22187999999977
55,2024-01-03,108.28,108.28,0.0,0.9,-0.0,248.63360854090763,0.0,0.9,-0.0,237.22187999999977
56,2024-01-03,114.99561,114.99561,0.0,0.9,-0.0,248.63360854090763,-1.6,0.4789473684210526,183.992976,421.21485599999977
57,2024-01-03,113.34489,113.34489,-2.0,0.37368421052631584,226.68978,475.3233885409077,-1.4399999999999997,0.10000000000000003,163.21664159999997,584.4314975999997
58,2024-01-03,107.85233,107.85233,-1.0400000000000003,0.1,112.16642320000003,587.4898117409077,0.0,0.10000000000000003,-0.0,584.4314975999997
59,2024-01-03,105.0,105.0,0.0,0.1,-0.0,587.4898117409077,0.0,0.10000000000000003,-0.0,584.4314975999997
60,2024-01-03,92.04644,92.04644,2.0,0.575,-184.09288,403.3969317409077,2.0,0.575,-184.09288,400.3386175999997
61,2024-01-03,91.59366,91.59366,1.3684210526315792,0.9,-125.33869263157897,278.0582391093287,1.3684210526315792,0.9,-125.33869263157897,274.9999249684207
62,2024-01-03,97.50897,97.50897,0.0,0.9,-0.0,278.0582391093287,0.0,0.9,-0.0,274.9999249684207
63,2024-01-03,106.02775,106.02775,0.0,0.9,-0.0,278.0582391093287,0.0,0.9,-0.0,274.9999249684207
64,2024-01-03,109.7411,109.7411,0.0,0.9,-0.0,278.0582391093287,0.0,0.9,-0.0,274.9999249684207
65,2024-01-03,115.81,115.81,-2.0,0.37368421052631584,231.62,509.67823910932873,-1.8,0.4263157894736842,208.458,483.4579249684207
66,2024-01-03,115.81,115.81,-1.0400000000000003,0.1,120.44240000000003,630.1206391093287,-1.24,0.1,143.6044,627.0623249684206
67,2024-01-03,115.81,115.81,0.0,0.1,-0.0,630.1206391093287,0.0,0.1,-0.0,627.0623249684206
68,2024-01-03,109.0,109.0,0.0,0.1,-0.0,630.1206391093287,0.0,0.1,-0.0,627.0623249684206
69,2024-01-03,106.0,106.0,0.0,0.1,-0.0,630.1206391093287,0.0,0.1,-0.0,627.0623249684206
70,2024-01-03,101.46,101.46,0.0,0.1,-0.0,630.1206391093287,0.0,0.1,-0.0,627.0623249684206
71,2024-01-03,82.59,82.59,0.0,0.1,-0.0,630.1206391093287,0.0,0.1,-0.0,627.0623249684206
72,2024-01-04,74.19,74.19,0.0,0.1,-0.0,630.1206391093287,0.0,0.1,-0.0,627.0623249684206
73,2024-01-04,65.0,65.0,0.0,0.1,-0.0,630.1206391093287,0.0,0.1,-0.0,627.0623249684206
74,2024-01-04,40.0,40.0,1.3684210526315932,0.4250000000000034,-54.736842105263726,575.3837970040651,2.0,0.575,-80.0,547.0623249684206
75,2024-01-04,35.19694,35.19694,1.999999999999986,0.9,-70.3938799999995,504.98991700406555,1.3684210526315792,0.9,-48.16423368421053,498.89809128421007
76,2024-01-04,49.39,49.39,0.0,0.9,-0.0,504.98991700406555,0.0,0.9,-0.0,498.89809128421007
77,2024-01-04,70.1,70.1,0.0,0.9,-0.0,504.98991700406555,0.0,0.9,-0.0,498.89809128421007
78,2024-01-04,97.61,97.61,0.0,0.9,-0.0,504.98991700406555,0.0,0.9,-0.0,498.89809128421007
79,2024-01-04,106.51,106.51,-2.0,0.37368421052631584,213.02,718.0099170040655,0.0,0.9,-0.0,498.89809128421007
80,2024-01-04,109.49416,109.49416,-1.0400000000000003,0.1,113.87392640000002,831.8838434040656,-1.6,0.4789473684210526,175.190656,674.0887472842101
81,2024-01-04,107.23976,107.23976,0.0,0.1,-0.0,831.8838434040656,-1.4399999999999997,0.10000000000000003,154.42525439999997,828.51400168421
82,2024-01-04,94.35704,94.35704,0.0,0.1,-0.0,831.8838434040656,0.0,0.10000000000000003,-0.0,828.51400168421
83,2024-01-04,87.10039,87.10039,0.0,0.1,-0.0,831.8838434040656,0.0,0.10000000000000003,-0.0,828.51400168421
84,2024-01-04,83.81886,83.81886,2.0,0.575,-167.63772,664.2461234040657,2.0,0.575,-167.63772,660.87628168421
85,2024-01-04,85.96413,85.96413,1.3684210526315792,0.9,-117.63512526315792,546.6109981409078,1.3684210526315792,0.9,-117.63512526315792,543.2411564210521
86,2024-01-04,92.11054,92.11054,0.0,0.9,-0.0,546.6109981409078,0.0,0.9,-0.0,543.2411564210521
87,2024-01-04,103.34,103.34,0.0,0.9,-0.0,546.6109981409078,0.0,0.9,-0.0,543.2411564210521
88,2024-01-04,110.02,110.02,0.0,0.9,-0.0,546.6109981409078,0.0,0.9,-0.0,543.2411564210521
89,2024-01-04,116.87,116.87,0.0,0.9,-0.0,546.6109981409078,0.0,0.9,-0.0,543.2411564210521
90,2024-01-04,118.1,118.1,-2.0,0.37368421052631584,236.2,782.8109981409077,-1.6,0.4789473684210526,188.96,732.2011564210521
91,2024-01-04,118.1,118.1,-1.0400000000000003,0.1,122.82400000000003,905.6349981409078,-1.4399999999999997,0.10000000000000003,170.06399999999996,902.2651564210521
92,2024-01-04,112.99,112.99,0.0,0.1,-0.0,905.6349981409078,0.0,0.10000000000000003,-0.0,902.2651564210521
93,2024-01-04,107.05,107.05,0.0,0.1,-0.0,905.6349981409078,0.0,0.10000000000000003,-0.0,902.2651564210521
94,2024-01-04,105.59,105.59,0.0,0.1,-0.0,905.6349981409078,0.0,0.10000000000000003,-0.0,902.2651564210521
95,2024-01-04,97.98,97.98,0.0,0.1,-0.0,905.6349981409078,0.0,0.10000000000000003,-0.0,902.2651564210521
96,2024-01-05,86.07515,86.07515,0.0,0.1,-0.0,905.6349981409078,0.0,0.10000000000000003,-0.0,902.2651564210521
97,2024-01-05,88.96,88.96,0.0,0.1,-0.0,905.6349981409078,0.0,0.10000000000000003,-0.0,902.2651564210521
98,2024-01-05,78.5,78.5,2.0,0.575,-157.0,748.6349981409078,2.0,0.575,-157.0,745.2651564210521
99,2024-01-05,78.5,78.5,1.3684210526315792,0.9,-107.42105263157897,641.2139455093288,1.3684210526315792,0.9,-107.42105263157897,637.8441037894731
100,2024-01-05,79.39,79.39,0.0,0.9,-0.0,641.2139455093288,0.0,0.9,-0.0,637.8441037894731
101,2024-01-05,79.6,79.6,0.0,0.9,-0.0,641.2139455093288,0.0,0.9,-0.0,637.8441037894731
102,2024-01-05,103.46,103.46,0.0,0.9,-0.0,641.2139455093288,0.0,0.9,-0.0,637.8441037894731
103,2024-01-05,111.19,111.19,0.0,0.9,-0.0,641.2139455093288,0.0,0.9,-0.0,637.8441037894731
104,2024-01-05,115.0,115.0,-1.1900000000253055,0.5868421052564985,136.85000000291012,778.0639455122389,0.0,0.9,-0.0,637.8441037894731
105,2024-01-05,120.4,120.4,-1.8499999999746943,0.1,222.7399999969532,1000.8039455091921,0.0,0.9,-0.0,637.8441037894731
106,2024-01-05,114.72,114.72,0.0,0.1,-0.0,1000.8039455091921,0.0,0.9,-0.0,637.8441037894731
107,2024-01-05,112.68327,112.68327,0.0,0.1,-0.0,1000.8039455091921,0.0,0.9,-0.0,637.8441037894731
108,2024-01-05,112.30081,112.30081,0.0,0.1,-0.0,1000.8039455091921,0.0,0.9,-0.0,637.8441037894731
109,2024-01-05,110.68838,110.68838,0.0,0.1,-0.0,1000.8039455091921,0.0,0.9,-0.0,637.8441037894731
110,2024-01-05,111.85887,111.85887,0.0,0.1,-0.0,1000.8039455091921,0.0,0.9,-0.0,637.8441037894731
111,2024-01-05,112.01889,112.01889,2.0,0.575,-224.03778,776.7661655091921,0.0,0.9,-0.0,637.8441037894731
112,2024-01-05,113.85,113.85,1.3684210526315792,0.9,-155.7947368421053,620.9714286670868,0.0,0.9,-0.0,637.8441037894731
113,2024-01-05,120.0,120.0,-2.0,0.37368421052631584,240.0,860.9714286670868,0.0,0.9,-0.0,637.8441037894731
114,2024-01-05,119.66,119.66,-1.0400000000000003,0.1,124.44640000000003,985.4178286670868,-1.6,0.4789473684210526,191.45600000000002,829.3001037894732
115,2024-01-05,115.81,115.81,0.0,0.1,-0.0,985.4178286670868,-1.4399999999999997,0.10000000000000003,166.76639999999998,996.0665037894731
116,2024-01-05,111.0,111.0,0.0,0.1,-0.0,985.4178286670868,0.0,0.10000000000000003,-0.0,996.0665037894731
117,2024-01-05,110.0,110.0,0.0,0.1,-0.0,985.4178286670868,0.0,0.10000000000000003,-0.0,996.0665037894731
118,2024-01-05,104.84,104.84,0.0,0.1,-0.0,985.4178286670868,0.0,0.10000000000000003,-0.0,996.0665037894731
119,2024-01-05,86.8,86.8,2.0,0.575,-173.6,811.8178286670868,0.0,0.10000000000000003,-0.0,996.0665037894731
120,2024-01-06,97.5,97.5,0.0,0.575,-0.0,811.8178286670868,0.0,0.10000000000000003,-0.0,996.0665037894731
121,2024-01-06,97.67,97.67,-1.805,0.1,176.29435,988.1121786670868,0.0,0.10000000000000003,-0.0,996.0665037894731
122,2024-01-06,93.0,93.0,0.0,0.1,-0.0,988.1121786670868,0.0,0.10000000000000003,-0.0,996.0665037894731
123,2024-01-06,93.0,93.0,0.0,0.1,-0.0,988.1121786670868,0.0,0.10000000000000003,-0.0,996.0665037894731
124,2024-01-06,89.7,89.7,1.3684210628294193,0.4250000024219871,-122.74736933579892,865.3648093312879,0.0,0.10000000000000003,-0.0,996.0665037894731
125,2024-01-06,89.47,89.47,1.9999999898021599,0.9,-178.93999908759923,686.4248102436886,2.0,0.575,-178.94,817.1265037894732
126,2024-01-06,91.96,91.96,0.0,0.9,-0.0,686.4248102436886,1.3684210526315792,0.9,-125.84000000000002,691.2865037894732
127,2024-01-06,96.75,96.75,0.0,0.9,-0.0,686.4248102436886,0.0,0.9,-0.0,691.2865037894732
128,2024-01-06,94.66,94.66,0.0,0.9,-0.0,686.4248102436886,0.0,0.9,-0.0,691.2865037894732
129,2024-01-06,100.5,100.5,0.0,0.9,-0.0,686.4248102436886,0.0,0.9,-0.0,691.2865037894732
130,2024-01-06,103.46,103.46,0.0,0.9,-0.0,686.4248102436886,0.0,0.9,-0.0,691.2865037894732
131,2024-01-06,103.0,103.0,0.0,0.9,-0.0,686.4248102436886,0.0,0.9,-0.0,691.2865037894732
132,2024-01-06,103.46,103.46,0.0,0.9,-0.0,686.4248102436886,0.0,0.9,-0.0,691.2865037894732
133,2024-01-06,100.5,100.5,0.0,0.9,-0.0,686.4248102436886,0.0,0.9,-0.0,691.2865037894732
134,2024-01-06,100.25,100.25,0.0,0.9,-0.0,686.4248102436886,0.0,0.9,-0.0,691.2865037894732
135,2024-01-06,103.0,103.0,0.0,0.9,-0.0,686.4248102436886,0.0,0.9,-0.0,691.2865037894732
136,2024-01-06,103.0,103.0,0.0,0.9,-0.0,686.4248102436886,0.0,0.9,-0.0,691.2865037894732
137,2024-01-06,111.65,111.65,0.0,0.9,-0.0,686.4248102436886,0.0,0.9,-0.0,691.2865037894732
138,2024-01-06,114.9,114.9,-2.0,0.37368421052631584,229.8,916.2248102436886,-1.6,0.4789473684210526,183.84000000000003,875.1265037894732
139,2024-01-06,116.97,116.97,-1.0400000000000003,0.1,121.64880000000002,1037.8736102436885,-1.4399999999999997,0.10000000000000003,168.43679999999998,1043.5633037894731
140,2024-01-06,111.69,111.69,0.0,0.1,-0.0,1037.8736102436885,0.0,0.10000000000000003,-0.0,1043.5633037894731
141,2024-01-06,110.06,110.06,0.0,0.1,-0.0,1037.8736102436885,0.0,0.10000000000000003,-0.0,1043.5633037894731
142,2024-01-06,103.0,103.0,0.0,0.1,-0.0,1037.8736102436885,0.0,0.10000000000000003,-0.0,1043.5633037894731
143,2024-01-06,88.5,88.5,2.0,0.575,-177.0,860.8736102436885,0.0,0.10000000000000003,-0.0,1043.5633037894731
144,2024-01-07,96.85,96.85,-1.805,0.1,174.81425,1035.6878602436884,0.0,0.10000000000000003,-0.0,1043.5633037894731
145,2024-01-07,96.58,96.58,0.0,0.1,-0.0,1035.6878602436884,0.0,0.10000000000000003,-0.0,1043.5633037894731
146,2024-01-07,93.8,93.8,0.0,0.1,-0.0,1035.6878602436884,0.0,0.10000000000000003,-0.0,1043.5633037894731
147,2024-01-07,93.8,93.8,0.0,0.1,-0.0,1035.6878602436884,0.0,0.10000000000000003,-0.0,1043.5633037894731
148,2024-01-07,85.93,85.93,0.0,0.1,-0.0,1035.6878602436884,2.0,0.575,-171.86,871.7033037894731
149,2024-01-07,84.3,84.3,2.0,0.575,-168.6,867.0878602436884,1.3684210526315792,0.9,-115.35789473684213,756.345409052631
150,2024-01-07,85.0,85.0,1.3684210526315792,0.9,-116.31578947368423,750.7720707700041,0.0,0.9,-0.0,756.345409052631
151,2024-01-07,102.27,102.27,0.0,0.9,-0.0,750.7720707700041,0.0,0.9,-0.0,756.345409052631
152,2024-01-07,100.55,100.55,-1.2000033813846736,0.5842096364777175,120.66033999822892,871.432410768233,-1.6,0.4789473684210526,160.88,917.225409052631
153,2024-01-07,101.19,101.19,-1.8399966186153265,0.1,186.1892578376849,1057.6216686059179,-1.4399999999999997,0.10000000000000003,145.71359999999996,1062.939009052631
154,2024-01-07,96.0,96.0,0.0,0.1,-0.0,1057.6216686059179,0.0,0.10000000000000003,-0.0,1062.939009052631
155,2024-01-07,96.0,96.0,0.0,0.1,-0.0,1057.6216686059179,0.0,0.10000000000000003,-0.0,1062.939009052631
156,2024-01-07,95.65,95.65,0.0,0.1,-0.0,1057.6216686059179,0.0,0.10000000000000003,-0.0,1062.939009052631
157,2024-01-07,88.0,88.0,1.368421052631795,0.42500000000005134,-120.42105263159796,937.2006159743199,0.0,0.10000000000000003,-0.0,1062.939009052631
158,2024-01-07,84.34138,84.34138,1.999999999999784,0.9,-168.68275999998178,768.5178559743381,2.0,0.575,-168.68276,894.256249052631
159,2024-01-07,88.32,88.32,0.0,0.9,-0.0,768.5178559743381,1.3684210526315792,0.9,-120.85894736842107,773.3973016842099
160,2024-01-07,97.95,97.95,0.0,0.9,-0.0,768.5178559743381,0.0,0.9,-0.0,773.3973016842099
161,2024-01-07,108.87,108.87,0.0,0.9,-0.0,768.5178559743381,0.0,0.9,-0.0,773.3973016842099
162,2024-01-07,109.49,109.49,0.0,0.9,-0.0,768.5178559743381,-1.6,0.4789473684210526,175.184,948.5813016842098
163,2024-01-07,110.53,110.53,-2.0,0.37368421052631584,221.06,989.577855974338,-1.4399999999999997,0.10000000000000003,159.16319999999996,1107.7445016842098
164,2024-01-07,110.0,110.0,-1.0400000000000003,0.1,114.40000000000003,1103.9778559743381,0.0,0.10000000000000003,-0.0,1107.7445016842098
165,2024-01-07,109.0,109.0,0.0,0.1,-0.0,1103.9778559743381,0.0,0.10000000000000003,-0.0,1107.7445016842098
166,2024-01-07,102.47,102.47,0.0,0.1,-0.0,1103.9778559743381,0.0,0.10000000000000003,-0.0,1107.7445016842098
167,2024-01-07,93.8,93.8,0.0,0.1,-0.0,1103.9778559743381,0.0,0.10000000000000003,-0.0,1107.7445016842098
168,2024-01-08,87.6,87.6,0.0,0.1,-0.0,1103.9778559743381,0.0,0.10000000000000003,-0.0,1107.7445016842098
169,2024-01-08,85.28,85.28,2.0,0.575,-170.56,933.4178559743382,2.0,0.575,-170.56,937.1845016842099
170,2024-01-08,85.28,85.28,1.3684210526315792,0.9,-116.69894736842107,816.7189086059171,1.3684210526315792,0.9,-116.69894736842107,820.4855543157888
171,2024-01-08,90.79,90.79,0.0,0.9,-0.0,816.7189086059171,0.0,0.9,-0.0,820.4855543157888
172,2024-01-08,93.8,93.8,0.0,0.9,-0.0,816.7189086059171,0.0,0.9,-0.0,820.4855543157888
173,2024-01-08,90.79,90.79,0.0,0.9,-0.0,816.7189086059171,0.0,0.9,-0.0,820.4855543157888
174,2024-01-08,107.46,107.46,0.0,0.9,-0.0,816.7189086059171,0.0,0.9,-0.0,820.4855543157888
175,2024-01-08,114.18,114.18,0.0,0.9,-0.0,816.7189086059171,0.0,0.9,-0.0,820.4855543157888
176,2024-01-08,125.5,125.5,-2.0,0.37368421052631584,251.0,1067.718908605917,-1.6,0.4789473684210526,200.8,1021.2855543157889
177,2024-01-08,123.0,123.0,-1.0400000000000003,0.1,127.92000000000003,1195.638908605917,-1.4399999999999997,0.10000000000000003,177.11999999999998,1198.4055543157888
178,2024-01-08,115.38,115.38,0.0,0.1,-0.0,1195.638908605917,0.0,0.10000000000000003,-0.0,1198.4055543157888
179,2024-01-08,112.22,112.22,0.0,0.1,-0.0,1195.638908605917,0.0,0.10000000000000003,-0.0,1198.4055543157888
180,2024-01-08,108.55,108.55,1.3684210526319187,0.42500000000008065,-148.54210526319477,1047.0968033427223,0.0,0.10000000000000003,-0.0,1198.4055543157888
181,2024-01-08,108.3,108.3,1.9999999999996607,0.9,-216.59999999996325,830.496803342759,2.0,0.575,-216.6,981.8055543157888
182,2024-01-08,110.97,110.97,0.0,0.9,-0.0,830.496803342759,1.3684210526315792,0.9,-151.85368421052635,829.9518701052624
183,2024-01-08,115.2,115.2,0.0,0.9,-0.0,830.496803342759,0.0,0.9,-0.0,829.9518701052624
184,2024-01-08,122.00169,122.00169,0.0,0.9,-0.0,830.496803342759,0.0,0.9,-0.0,829.9518701052624
185,2024-01-08,130.1,130.1,-2.0,0.37368421052631584,260.2,1090.696803342759,-1.6,0.4789473684210526,208.16,1038.1118701052624
186,2024-01-08,129.99382,129.99382,-1.0400000000000003,0.1,135.19357280000003,1225.8903761427591,-1.4399999999999997,0.10000000000000003,187.19110079999996,1225.3029709052623
187,2024-01-08,122.0095,122.0095,0.0,0.1,-0.0,1225.8903761427591,0.0,0.10000000000000003,-0.0,1225.3029709052623
188,2024-01-08,114.18,114.18,0.0,0.1,-0.0,1225.8903761427591,0.0,0.10000000000000003,-0.0,1225.3029709052623
189,2024-01-08,107.46,107.46,0.0,0.1,-0.0,1225.8903761427591,0.0,0.10000000000000003,-0.0,1225.3029709052623
190,2024-01-08,102.9,102.9,0.0,0.1,-0.0,1225.8903761427591,0.0,0.10000000000000003,-0.0,1225.3029709052623
191,2024-01-08,91.75,91.75,0.0,0.1,-0.0,1225.8903761427591,0.0,0.10000000000000003,-0.0,1225.3029709052623
192,2024-01-09,87.5315,87.5315,0.0,0.1,-0.0,1225.8903761427591,0.0,0.10000000000000003,-0.0,1225.3029709052623
193,2024-01-09,86.18151,86.18151,0.0,0.1,-0.0,1225.8903761427591,0.0,0.10000000000000003,-0.0,1225.3029709052623
194,2024-01-09,85.00494,85.00494,0.0,0.1,-0.0,1225.8903761427591,2.0,0.575,-170.00988,1055.2930909052623
195,2024-01-09,84.08453,84.08453,2.0,0.575,-168.16906,1057.7213161427592,1.3684210526315792,0.9,-115.0630410526316,940.2300498526306
196,2024-01-09,84.97701,84.97701,1.3684210526315792,0.9,-116.28432947368424,941.4369866690749,0.0,0.9,-0.0,940.2300498526306
197,2024-01-09,89.34054,89.34054,0.0,0.9,-0.0,941.4369866690749,0.0,0.9,-0.0,940.2300498526306
198,2024-01-09,106.76125,106.76125,0.0,0.9,-0.0,941.4369866690749,0.0,0.9,-0.0,940.2300498526306
199,2024-01-09,117.98,117.98,0.0,0.9,-0.0,941.4369866690749,0.0,0.9,-0.0,940.2300498526306
200,2024-01-09,131.3728,131.3728,-2.0,0.37368421052631584,262.7456,1204.182586669075,-1.6,0.4789473684210526,210.19648000000004,1150.4265298526307
201,2024-01-09,120.78817,120.78817,-1.0400000000000003,0.1,125.61969680000003,1329.8022834690748,-1.4399999999999997,0.10000000000000003,173.93496479999996,1324.3614946526307
202,2024-01-09,112.1,112.1,0.0,0.1,-0.0,1329.8022834690748,0.0,0.10000000000000003,-0.0,1324.3614946526307
203,2024-01-09,104.97006,104.97006,0.0,0.1,-0.0,1329.8022834690748,0.0,0.10000000000000003,-0.0,1324.3614946526307
204,2024-01-09,100.37,100.37,2.0,0.575,-200.74,1129.0622834690748,2.0,0.575,-200.74,1123.6214946526306
205,2024-01-09,100.82,100.82,1.3684210526315792,0.9,-137.9642105263158,991.098072942759,1.3684210526315792,0.9,-137.9642105263158,985.6572841263148
206,2024-01-09,110.0,110.0,0.0,0.9,-0.0,991.098072942759,0.0,0.9,-0.0,985.6572841263148
207,2024-01-09,116.55,116.55,0.0,0.9,-0.0,991.098072942759,0.0,0.9,-0.0,985.6572841263148
208,2024-01-09,127.36267,127.36267,0.0,0.9,-0.0,991.098072942759,0.0,0.9,-0.0,985.6572841263148
209,2024-01-09,137.35078,137.35078,-2.0,0.37368421052631584,274.70156,1265.799632942759,-1.6,0.4789473684210526,219.761248,1205.4185321263149
210,2024-01-09,137.00435,137.00435,-1.0400000000000003,0.1,142.48452400000002,1408.284156942759,-1.4399999999999997,0.10000000000000003,197.28626399999993,1402.7047961263147
211,2024-01-09,130.05,130.05,0.0,0.1,-0.0,1408.284156942759,0.0,0.10000000000000003,-0.0,1402.7047961263147
212,2024-01-09,117.67376,117.67376,0.0,0.1,-0.0,1408.284156942759,0.0,0.10000000000000003,-0.0,1402.7047961263147
213,2024-01-09,111.0525,111.0525,0.0,0.1,-0.0,1408.284156942759,0.0,0.10000000000000003,-0.0,1402.7047961263147
214,2024-01-09,105.61,105.61,0.0,0.1,-0.0,1408.284156942759,0.0,0.10000000000000003,-0.0,1402.7047961263147
215,2024-01-09,103.46,103.46,0.0,0.1,-0.0,1408.284156942759,0.0,0.10000000000000003,-0.0,1402.7047961263147
216,2024-01-10,97.97,97.97,0.0,0.1,-0.0,1408.284156942759,0.0,0.10000000000000003,-0.0,1402.7047961263147
217,2024-01-10,92.9,92.9,0.0,0.1,-0.0,1408.284156942759,2.0,0.575,-185.8,1216.9047961263147
218,2024-01-10,91.29,91.29,2.0,0.575,-182.58,1225.704156942759,1.3684210526315792,0.9,-124.92315789473687,1091.9816382315778
219,2024-01-10,92.2,92.2,0.0,0.575,-0.0,1225.704156942759,0.0,0.9,-0.0,1091.9816382315778
220,2024-01-10,91.29,91.29,1.3684210526315792,0.9,-124.92315789473687,1100.780999048022,0.0,0.9,-0.0,1091.9816382315778
221,2024-01-10,99.5,99.5,0.0,0.9,-0.0,1100.780999048022,0.0,0.9,-0.0,1091.9816382315778
222,2024-01-10,108.96,108.96,0.0,0.9,-0.0,1100.780999048022,0.0,0.9,-0.0,1091.9816382315778
223,2024-01-10,120.0,120.0,0.0,0.9,-0.0,1100.780999048022,0.0,0.9,-0.0,1091.9816382315778
224,2024-01-10,139.2,139.2,-2.0,0.37368421052631584,278.4,1379.180999048022,-1.6,0.4789473684210526,222.72,1314.7016382315778
225,2024-01-10,130.38739,130.38739,-1.0400000000000003,0.1,135.60288560000004,1514.783884648022,-1.4399999999999997,0.10000000000000003,187.75784159999998,1502.4594798315777
226,2024-01-10,117.46942,117.46942,0.0,0.1,-0.0,1514.783884648022,0.0,0.10000000000000003,-0.0,1502.4594798315777
227,2024-01-10,109.13,109.13,0.0,0.1,-0.0,1514.783884648022,0.0,0.10000000000000003,-0.0,1502.4594798315777
228,2024-01-10,104.2,104.2,0.0,0.1,-0.0,1514.783884648022,2.0,0.575,-208.4,1294.0594798315776
229,2024-01-10,106.54,106.54,2.0,0.575,-213.08,1301.703884648022,1.3684210526315792,0.9,-145.79157894736846,1148.2679008842092
230,2024-01-10,110.2,110.2,1.3684210526315792,0.9,-150.80000000000004,1150.903884648022,0.0,0.9,-0.0,1148.2679008842092
231,2024-01-10,119.7728,119.7728,0.0,0.9,-0.0,1150.903884648022,0.0,0.9,-0.0,1148.2679008842092
232,2024-01-10,133.13612,133.13612,0.0,0.9,-0.0,1150.903884648022,0.0,0.9,-0.0,1148.2679008842092
233,2024-01-10,143.78766,143.78766,-2.0,0.37368421052631584,287.57532,1438.479204648022,-1.6,0.4789473684210526,230.06025599999998,1378.3281568842092
234,2024-01-10,140.0,140.0,-1.0400000000000003,0.1,145.60000000000002,1584.079204648022,-1.4399999999999997,0.10000000000000003,201.59999999999997,1579.928156884209
235,2024-01-10,132.15399,132.15399,0.0,0.1,-0.0,1584.079204648022,0.0,0.10000000000000003,-0.0,1579.928156884209
236,2024-01-10,120.0,120.0,0.0,0.1,-0.0,1584.079204648022,0.0,0.10000000000000003,-0.0,1579.928156884209
237,2024-01-10,109.13,109.13,0.0,0.1,-0.0,1584.079204648022,0.0,0.10000000000000003,-0.0,1579.928156884209
238,2024-01-10,105.37,105.37,0.0,0.1,-0.0,1584.079204648022,0.0,0.10000000000000003,-0.0,1579.928156884209
239,2024-01-10,103.62,103.62,0.0,0.1,-0.0,1584.079204648022,0.0,0.10000000000000003,-0.0,1579.928156884209
240,2024-01-11,91.74873,91.74873,0.0,0.1,-0.0,1584.079204648022,0.0,0.10000000000000003,-0.0,1579.928156884209
241,2024-01-11,88.6,88.6,0.0,0.1,-0.0,1584.079204648022,0.0,0.10000000000000003,-0.0,1579.928156884209
242,2024-01-11,87.24772,87.24772,0.0,0.1,-0.0,1584.079204648022,2.0,0.575,-174.49544,1405.4327168842092
243,2024-01-11,82.38093,82.38093,2.0,0.575,-164.76186,1419.3173446480218,1.3684210526315792,0.9,-112.73179894736845,1292.7009179368408
244,2024-01-11,83.61,83.61,1.3684210526315792,0.9,-114.41368421052634,1304.9036604374955,0.0,0.9,-0.0,1292.7009179368408
245,2024-01-11,90.35,90.35,0.0,0.9,-0.0,1304.9036604374955,0.0,0.9,-0.0,1292.7009179368408
246,2024-01-11,103.1,103.1,0.0,0.9,-0.0,1304.9036604374955,0.0,0.9,-0.0,1292.7009179368408
247,2024-01-11,116.89149,116.89149,0.0,0.9,-0.0,1304.9036604374955,0.0,0.9,-0.0,1292.7009179368408
248,2024-01-11,140.87915,140.87915,-2.0,0.37368421052631584,281.7583,1586.6619604374955,-1.6,0.4789473684210526,225.40664000000004,1518.1075579368407
249,2024-01-11,129.16361,129.16361,-1.0400000000000003,0.1,134.33015440000003,1720.9921148374956,-1.4399999999999997,0.10000000000000003,185.99559839999998,1704.1031563368408
250,2024-01-11,113.65,113.65,0.0,0.1,-0.0,1720.9921148374956,0.0,0.10000000000000003,-0.0,1704.1031563368408
251,2024-01-11,106.48,106.48,0.0,0.1,-0.0,1720.9921148374956,0.0,0.10000000000000003,-0.0,1704.1031563368408
252,2024-01-11,99.38404,99.38404,0.0,0.1,-0.0,1720.9921148374956,0.0,0.10000000000000003,-0.0,1704.1031563368408
253,2024-01-11,99.0,99.0,2.0,0.575,-198.0,1522.9921148374956,2.0,0.575,-198.0,1506.1031563368408
254,2024-01-11,105.98,105.98,1.3684210526315792,0.9,-145.02526315789476,1377.966851679601,1.3684210526315792,0.9,-145.02526315789476,1361.077893178946
255,2024-01-11,113.71016,113.71016,0.0,0.9,-0.0,1377.966851679601,0.0,0.9,-0.0,1361.077893178946
256,2024-01-11,120.0,120.0,0.0,0.9,-0.0,1377.966851679601,0.0,0.9,-0.0,1361.077893178946
257,2024-01-11,128.75,128.75,0.0,0.9,-0.0,1377.966851679601,-1.6,0.4789473684210526,206.0,1567.077893178946
258,2024-01-11,136.72,136.72,-2.0,0.37368421052631584,273.44,1651.406851679601,-1.4399999999999997,0.10000000000000003,196.87679999999997,1763.954693178946
259,2024-01-11,132.31,132.31,-1.0400000000000003,0.1,137.60240000000005,1789.009251679601,0.0,0.10000000000000003,-0.0,1763.954693178946
260,2024-01-11,117.93,117.93,0.0,0.1,-0.0,1789.009251679601,0.0,0.10000000000000003,-0.0,1763.954693178946
261,2024-01-11,107.19,107.19,0.0,0.1,-0.0,1789.009251679601,0.0,0.10000000000000003,-0.0,1763.954693178946
262,2024-01-11,105.98,105.98,0.0,0.1,-0.0,1789.009251679601,0.0,0.10000000000000003,-0.0,1763.954693178946
263,2024-01-11,99.0,99.0,0.0,0.1,-0.0,1789.009251679601,0.0,0.10000000000000003,-0.0,1763.954693178946
264,2024-01-12,101.46,101.46,0.0,0.1,-0.0,1789.009251679601,0.0,0.10000000000000003,-0.0,1763.954693178946
265,2024-01-12,95.64,95.64,0.0,0.1,-0.0,1789.009251679601,0.0,0.10000000000000003,-0.0,1763.954693178946
266,2024-01-12,91.2,91.2,2.0,0.575,-182.4,1606.609251679601,2.0,0.575,-182.4,1581.5546931789459
267,2024-01-12,89.9,89.9,0.0,0.575,-0.0,1606.609251679601,1.3684210526315792,0.9,-123.02105263157898,1458.5336405473668
268,2024-01-12,88.59,88.59,1.3684210526315792,0.9,-121.2284210526316,1485.3808306269693,0.0,0.9,-0.0,1458.5336405473668
269,2024-01-12,94.76,94.76,0.0,0.9,-0.0,1485.3808306269693,0.0,0.9,-0.0,1458.5336405473668
270,2024-01-12,112.82,112.82,0.0,0.9,-0.0,1485.3808306269693,0.0,0.9,-0.0,1458.5336405473668
271,2024-01-12,129.0,129.0,0.0,0.9,-0.0,1485.3808306269693,0.0,0.9,-0.0,1458.5336405473668
272,2024-01-12,140.73851,140.73851,-2.0,0.37368421052631584,281.47702,1766.8578506269694,-1.6,0.4789473684210526,225.181616,1683.7152565473668
273,2024-01-12,134.96004,134.96004,-1.0400000000000003,0.1,140.35844160000002,1907.2162922269695,-1.4399999999999997,0.10000000000000003,194.34245759999996,1878.0577141473668
274,2024-01-12,121.5027,121.5027,0.0,0.1,-0.0,1907.2162922269695,0.0,0.10000000000000003,-0.0,1878.0577141473668
275,2024-01-12,113.8973,113.8973,0.0,0.1,-0.0,1907.2162922269695,0.0,0.10000000000000003,-0.0,1878.0577141473668
276,2024-01-12,103.42,103.42,1.3684210526316127,0.42500000000000804,-141.5221052631614,1765.694186963808,2.0,0.575,-206.84,1671.217714147367
277,2024-01-12,100.07708,100.07708,1.9999999999999662,0.9,-200.1541599999966,1565.5400269638114,1.3684210526315792,0.9,-136.94758315789477,1534.2701309894721
278,2024-01-12,104.24191,104.24191,0.0,0.9,-0.0,1565.5400269638114,0.0,0.9,-0.0,1534.2701309894721
279,2024-01-12,110.0,110.0,0.0,0.9,-0.0,1565.5400269638114,0.0,0.9,-0.0,1534.2701309894721
280,2024-01-12,120.0,120.0,0.0,0.9,-0.0,1565.5400269638114,0.0,0.9,-0.0,1534.2701309894721
281,2024-01-12,127.5,127.5,-2.0,0.37368421052631584,255.0,1820.5400269638114,-1.6,0.4789473684210526,204.0,1738.2701309894721
282,2024-01-12,126.0,126.0,-1.0400000000000003,0.1,131.04000000000002,1951.5800269638114,-1.4399999999999997,0.10000000000000003,181.43999999999997,1919.7101309894722
283,2024-01-12,119.47,119.47,0.0,0.1,-0.0,1951.5800269638114,0.0,0.10000000000000003,-0.0,1919.7101309894722
284,2024-01-12,110.0,110.0,0.0,0.1,-0.0,1951.5800269638114,0.0,0.10000000000000003,-0.0,1919.7101309894722
285,2024-01-12,107.0,107.0,0.0,0.1,-0.0,1951.5800269638114,0.0,0.10000000000000003,-0.0,1919.7101309894722
286,2024-01-12,105.0,105.0,0.0,0.1,-0.0,1951.5800269638114,0.0,0.10000000000000003,-0.0,1919.7101309894722
287,2024-01-12,95.49,95.49,0.0,0.1,-0.0,1951.5800269638114,0.0,0.10000000000000003,-0.0,1919.7101309894722
288,2024-01-13,92.8,92.8,0.0,0.1,-0.0,1951.5800269638114,0.0,0.10000000000000003,-0.0,1919.7101309894722
289,2024-01-13,87.7,87.7,0.0,0.1,-0.0,1951.5800269638114,0.0,0.10000000000000003,-0.0,1919.7101309894722
290,2024-01-13,87.08,87.08,0.0,0.1,-0.0,1951.5800269638114,0.0,0.10000000000000003,-0.0,1919.7101309894722
291,2024-01-13,85.59,85.59,0.0,0.1,-0.0,1951.5800269638114,2.0,0.575,-171.18,1748.5301309894721
292,2024-01-13,83.4,83.4,2.0,0.575,-166.8,1784.7800269638115,1.3684210526315792,0.9,-114.12631578947371,1634.4038151999985
293,2024-01-13,83.9,83.9,1.3684210526315792,0.9,-114.8105263157895,1669.969500648022,0.0,0.9,-0.0,1634.4038151999985
294,2024-01-13,95.52,95.52,0.0,0.9,-0.0,1669.969500648022,0.0,0.9,-0.0,1634.4038151999985
295,2024-01-13,104.93,104.93,0.0,0.9,-0.0,1669.969500648022,0.0,0.9,-0.0,1634.4038151999985
296,2024-01-13,107.63,107.63,-2.0,0.37368421052631584,215.26,1885.229500648022,-1.6,0.4789473684210526,172.208,1806.6118151999985
297,2024-01-13,104.93,104.93,-1.0400000000000003,0.1,109.12720000000003,1994.356700648022,-1.4399999999999997,0.10000000000000003,151.09919999999997,1957.7110151999984
298,2024-01-13,101.0,101.0,0.0,0.1,-0.0,1994.356700648022,0.0,0.10000000000000003,-0.0,1957.7110151999984
299,2024-01-13,88.40127,88.40127,0.0,0.1,-0.0,1994.356700648022,0.0,0.10000000000000003,-0.0,1957.7110151999984
300,2024-01-13,84.85,84.85,1.3684210552100957,0.42500000061239773,-116.1105265345766,1878.2461741134455,2.0,0.575,-169.7,1788.0110151999984
301,2024-01-13,83.4,83.4,1.9999999974214835,0.9,-166.79999978495172,1711.4461743284937,1.3684210526315792,0.9,-114.12631578947371,1673.8846994105247
302,2024-01-13,92.23,92.23,0.0,0.9,-0.0,1711.4461743284937,0.0,0.9,-0.0,1673.8846994105247
303,2024-01-13,101.59,101.59,0.0,0.9,-0.0,1711.4461743284937,0.0,0.9,-0.0,1673.8846994105247
304,2024-01-13,107.92,107.92,0.0,0.9,-0.0,1711.4461743284937,0.0,0.9,-0.0,1673.8846994105247
305,2024-01-13,124.76962,124.76962,0.0,0.9,-0.0,1711.4461743284937,-1.6,0.4789473684210526,199.631392,1873.5160914105247
306,2024-01-13,128.79108,128.79108,-2.0,0.37368421052631584,257.58216,1969.0283343284937,-1.4399999999999997,0.10000000000000003,185.45915519999997,2058.9752466105247
307,2024-01-13,128.20411,128.20411,-1.0400000000000003,0.1,133.33227440000002,2102.360608728494,0.0,0.10000000000000003,-0.0,2058.9752466105247
308,2024-01-13,117.86647,117.86647,0.0,0.1,-0.0,2102.360608728494,0.0,0.10000000000000003,-0.0,2058.9752466105247
309,2024-01-13,105.0,105.0,0.0,0.1,-0.0,2102.360608728494,0.0,0.10000000000000003,-0.0,2058.9752466105247
310,2024-01-13,101.96,101.96,0.0,0.1,-0.0,2102.360608728494,0.0,0.10000000000000003,-0.0,2058.9752466105247
311,2024-01-13,95.52,95.52,2.0,0.575,-191.04,1911.3206087284939,0.0,0.10000000000000003,-0.0,2058.9752466105247
312,2024-01-14,103.0,103.0,-1.805,0.1,185.915,2097.235608728494,0.0,0.10000000000000003,-0.0,2058.9752466105247
313,2024-01-14,100.65,100.65,0.0,0.1,-0.0,2097.235608728494,0.0,0.10000000000000003,-0.0,2058.9752466105247
314,2024-01-14,99.83,99.83,0.0,0.1,-0.0,2097.235608728494,0.0,0.10000000000000003,-0.0,2058.9752466105247
315,2024-01-14,96.79,96.79,0.0,0.1,-0.0,2097.235608728494,2.0,0.575,-193.58,1865.3952466105247
316,2024-01-14,96.25,96.25,0.0,0.1,-0.0,2097.235608728494,1.3684210526315792,0.9,-131.7105263157895,1733.6847202947351
317,2024-01-14,95.25,95.25,0.0,0.1,-0.0,2097.235608728494,0.0,0.9,-0.0,1733.6847202947351
318,2024-01-14,103.43,103.43,0.0,0.1,-0.0,2097.235608728494,0.0,0.9,-0.0,1733.6847202947351
319,2024-01-14,104.73,104.73,0.0,0.1,-0.0,2097.235608728494,0.0,0.9,-0.0,1733.6847202947351
320,2024-01-14,108.06,108.06,0.0,0.1,-0.0,2097.235608728494,0.0,0.9,-0.0,1733.6847202947351
321,2024-01-14,108.06,108.06,0.0,0.1,-0.0,2097.235608728494,-1.6,0.4789473684210526,172.89600000000002,1906.580720294735
322,2024-01-14,103.0,103.0,0.0,0.1,-0.0,2097.235608728494,-1.4399999999999997,0.10000000000000003,148.31999999999996,2054.900720294735
323,2024-01-14,103.0,103.0,0.0,0.1,-0.0,2097.235608728494,0.0,0.10000000000000003,-0.0,2054.900720294735
324,2024-01-14,101.88,101.88,0.0,0.1,-0.0,2097.235608728494,0.0,0.10000000000000003,-0.0,2054.900720294735
325,2024-01-14,96.04,96.04,2.0,0.575,-192.08,1905.155608728494,2.0,0.575,-192.08,1862.820720294735
326,2024-01-14,100.0,100.0,1.3684210526315792,0.9,-136.84210526315792,1768.313503465336,1.3684210526315792,0.9,-136.84210526315792,1725.9786150315772
327,2024-01-14,104.74,104.74,0.0,0.9,-0.0,1768.313503465336,0.0,0.9,-0.0,1725.9786150315772
328,2024-01-14,105.0,105.0,0.0,0.9,-0.0,1768.313503465336,0.0,0.9,-0.0,1725.9786150315772
329,2024-01-14,111.0,111.0,0.0,0.9,-0.0,1768.313503465336,0.0,0.9,-0.0,1725.9786150315772
330,2024-01-14,117.0,117.0,-2.0,0.37368421052631584,234.0,2002.313503465336,-1.6,0.4789473684210526,187.20000000000002,1913.1786150315772
331,2024-01-14,120.0,120.0,-1.0400000000000003,0.1,124.80000000000003,2127.113503465336,-1.4399999999999997,0.10000000000000003,172.79999999999995,2085.978615031577
332,2024-01-14,115.14,115.14,0.0,0.1,-0.0,2127.113503465336,0.0,0.10000000000000003,-0.0,2085.978615031577
333,2024-01-14,108.23,108.23,0.0,0.1,-0.0,2127.113503465336,0.0,0.10000000000000003,-0.0,2085.978615031577
334,2024-01-14,101.51,101.51,0.0,0.1,-0.0,2127.113503465336,0.0,0.10000000000000003,-0.0,2085.978615031577
335,2024-01-14,97.9,97.9,0.0,0.1,-0.0,2127.113503465336,0.0,0.10000000000000003,-0.0,2085.978615031577
336,2024-01-15,85.5,85.5,0.0,0.1,-0.0,2127.113503465336,0.0,0.10000000000000003,-0.0,2085.978615031577
337,2024-01-15,83.4,83.4,0.0,0.1,-0.0,2127.113503465336,0.0,0.10000000000000003,-0.0,2085.978615031577
338,2024-01-15,84.1,84.1,0.0,0.1,-0.0,2127.113503465336,2.0,0.575,-168.2,1917.7786150315771
339,2024-01-15,83.4,83.4,1.510865627755132,0.45883058659184384,-126.00619335477802,2001.107310110558,1.3684210526315792,0.9,-114.12631578947371,1803.6522992421035
340,2024-01-15,83.4,83.4,1.8575554248764472,0.9,-154.9201224346957,1846.1871876758623,0.0,0.9,-0.0,1803.6522992421035
341,2024-01-15,84.9,84.9,0.0,0.9,-0.0,1846.1871876758623,0.0,0.9,-0.0,1803.6522992421035
342,2024-01-15,102.52,102.52,0.0,0.9,-0.0,1846.1871876758623,0.0,0.9,-0.0,1803.6522992421035
343,2024-01-15,110.03,110.03,0.0,0.9,-0.0,1846.1871876758623,0.0,0.9,-0.0,1803.6522992421035
344,2024-01-15,122.00208,122.00208,-2.0,0.37368421052631584,244.00416,2090.1913476758623,-1.6,0.4789473684210526,195.20332800000003,1998.8556272421035
345,2024-01-15,119.59,119.59,-1.0400000000000003,0.1,124.37360000000004,2214.564947675862,-1.4399999999999997,0.10000000000000003,172.20959999999997,2171.0652272421034
346,2024-01-15,106.21,106.21,0.0,0.1,-0.0,2214.564947675862,0.0,0.10000000000000003,-0.0,2171.0652272421034
347,2024-01-15,103.62167,103.62167,0.0,0.1,-0.0,2214.564947675862,0.0,0.10000000000000003,-0.0,2171.0652272421034
348,2024-01-15,95.6842,95.6842,1.3684210526317078,0.4250000000000306,-130.93627368422287,2083.6286739916395,0.0,0.10000000000000003,-0.0,2171.0652272421034
349,2024-01-15,94.4436,94.4436,1.9999999999998714,0.9,-188.88719999998787,1894.7414739916517,2.0,0.575,-188.8872,1982.1780272421033
350,2024-01-15,99.7,99.7,0.0,0.9,-0.0,1894.7414739916517,1.3684210526315792,0.9,-136.43157894736845,1845.7464482947348
351,2024-01-15,104.44211,104.44211,0.0,0.9,-0.0,1894.7414739916517,0.0,0.9,-0.0,1845.7464482947348
352,2024-01-15,110.0,110.0,0.0,0.9,-0.0,1894.7414739916517,0.0,0.9,-0.0,1845.7464482947348
353,2024-01-15,116.13,116.13,-2.0,0.37368421052631584,232.26,2127.0014739916514,-1.8,0.4263157894736842,209.034,2054.780448294735
354,2024-01-15,115.0,115.0,-1.0400000000000003,0.1,119.60000000000002,2246.6014739916513,-1.24,0.1,142.6,2197.380448294735
355,2024-01-15,113.9,113.9,0.0,0.1,-0.0,2246.6014739916513,0.0,0.1,-0.0,2197.380448294735
356,2024-01-15,107.58229,107.58229,0.0,0.1,-0.0,2246.6014739916513,0.0,0.1,-0.0,2197.380448294735
357,2024-01-15,104.31,104.31,0.0,0.1,-0.0,2246.6014739916513,0.0,0.1,-0.0,2197.380448294735
358,2024-01-15,101.68,101.68,0.0,0.1,-0.0,2246.6014739916513,0.0,0.1,-0.0,2197.380448294735
359,2024-01-15,91.39,91.39,0.0,0.1,-0.0,2246.6014739916513,0.0,0.1,-0.0,2197.380448294735
360,2024-01-16,86.58831,86.58831,0.0,0.1,-0.0,2246.6014739916513,0.0,0.1,-0.0,2197.380448294735
361,2024-01-16,83.34,83.34,2.0,0.575,-166.68,2079.9214739916515,2.0,0.575,-166.68,2030.7004482947348
362,2024-01-16,84.1,84.1,1.3684210526315792,0.9,-115.0842105263158,1964.8372634653358,1.3684210526315792,0.9,-115.0842105263158,1915.616237768419
363,2024-01-16,84.7,84.7,0.0,0.9,-0.0,1964.8372634653358,0.0,0.9,-0.0,1915.616237768419
364,2024-01-16,84.7,84.7,0.0,0.9,-0.0,1964.8372634653358,0.0,0.9,-0.0,1915.616237768419
365,2024-01-16,90.0,90.0,0.0,0.9,-0.0,1964.8372634653358,0.0,0.9,-0.0,1915.616237768419
366,2024-01-16,103.76848,103.76848,0.0,0.9,-0.0,1964.8372634653358,0.0,0.9,-0.0,1915.616237768419
367,2024-01-16,117.0,117.0,0.0,0.9,-0.0,1964.8372634653358,0.0,0.9,-0.0,1915.616237768419
368,2024-01-16,141.11791,141.11791,-2.0,0.37368421052631584,282.23582,2247.073083465336,-1.6,0.4789473684210526,225.788656,2141.4048937684192
369,2024-01-16,136.26696,136.26696,-1.0400000000000003,0.1,141.71763840000006,2388.790721865336,-1.4399999999999997,0.10000000000000003,196.22442239999998,2337.6293161684193
370,2024-01-16,120.46093,120.46093,0.0,0.1,-0.0,2388.790721865336,0.0,0.10000000000000003,-0.0,2337.6293161684193
371,2024-01-16,109.25941,109.25941,0.0,0.1,-0.0,2388.790721865336,0.0,0.10000000000000003,-0.0,2337.6293161684193
372,2024-01-16,101.16921,101.16921,1.3684210526316505,0.42500000000001703,-138.4420768421125,2250.3486450232235,2.0,0.575,-202.33842,2135.2908961684193
373,2024-01-16,100.62671,100.62671,1.9999999999999285,0.9,-201.25341999999281,2049.095225023231,1.3684210526315792,0.9,-137.69970842105266,1997.5911877473666
374,2024-01-16,104.87055,104.87055,0.0,0.9,-0.0,2049.095225023231,0.0,0.9,-0.0,1997.5911877473666
375,2024-01-16,111.03657,111.03657,0.0,0.9,-0.0,2049.095225023231,0.0,0.9,-0.0,1997.5911877473666
376,2024-01-16,122.05,122.05,0.0,0.9,-0.0,2049.095225023231,0.0,0.9,-0.0,1997.5911877473666
377,2024-01-16,133.0,133.0,-2.0,0.37368421052631584,266.0,2315.095225023231,-1.6,0.4789473684210526,212.8,2210.3911877473665
378,2024-01-16,129.98158,129.98158,-1.0400000000000003,0.1,135.18084320000006,2450.276068223231,-1.4399999999999997,0.10000000000000003,187.17347519999998,2397.5646629473667
379,2024-01-16,121.05,121.05,0.0,0.1,-0.0,2450.276068223231,0.0,0.10000000000000003,-0.0,2397.5646629473667
380,2024-01-16,110.40919,110.40919,0.0,0.1,-0.0,2450.276068223231,0.0,0.10000000000000003,-0.0,2397.5646629473667
381,2024-01-16,105.0,105.0,0.0,0.1,-0.0,2450.276068223231,0.0,0.10000000000000003,-0.0,2397.5646629473667
382,2024-01-16,100.86671,100.86671,0.0,0.1,-0.0,2450.276068223231,0.0,0.10000000000000003,-0.0,2397.5646629473667
383,2024-01-16,97.97296,97.97296,0.0,0.1,-0.0,2450.276068223231,0.0,0.10000000000000003,-0.0,2397.5646629473667
384,2024-01-17,86.75,86.75,0.0,0.1,-0.0,2450.276068223231,0.0,0.10000000000000003,-0.0,2397.5646629473667
385,2024-01-17,85.5,85.5,0.0,0.1,-0.0,2450.276068223231,0.0,0.10000000000000003,-0.0,2397.5646629473667
386,2024-01-17,82.4,82.4,0.9711234103256576,0.3306418099523437,-80.0205690108342,2370.255499212397,2.0,0.575,-164.8,2232.7646629473666
387,2024-01-17,80.0,80.0,2.0,0.8056418099523437,-160.0,2210.255499212397,1.3684210526315792,0.9,-109.47368421052633,2123.2909787368403
388,2024-01-17,82.4,82.4,0.3972976423059214,0.9,-32.737325726007924,2177.518173486389,0.0,0.9,-0.0,2123.2909787368403
389,2024-01-17,85.9,85.9,0.0,0.9,-0.0,2177.518173486389,0.0,0.9,-0.0,2123.2909787368403
390,2024-01-17,98.9,98.9,0.0,0.9,-0.0,2177.518173486389,0.0,0.9,-0.0,2123.2909787368403
391,2024-01-17,104.18,104.18,0.0,0.9,-0.0,2177.518173486389,0.0,0.9,-0.0,2123.2909787368403
392,2024-01-17,116.7498,116.7498,0.0,0.9,-0.0,2177.518173486389,0.0,0.9,-0.0,2123.2909787368403
393,2024-01-17,114.46135,114.46135,-2.0,0.37368421052631584,228.9227,2406.440873486389,-1.6,0.4789473684210526,183.13816,2306.4291387368403
394,2024-01-17,109.59758,109.59758,0.0,0.37368421052631584,-0.0,2406.440873486389,-1.4399999999999997,0.10000000000000003,157.82051519999996,2464.2496539368403
395,2024-01-17,110.31763,110.31763,0.0,0.37368421052631584,-0.0,2406.440873486389,0.0,0.10000000000000003,-0.0,2464.2496539368403
396,2024-01-17,104.97503,104.97503,0.21606648199452133,0.42500000000001464,-22.68158542936934,2383.7592880570196,0.0,0.10000000000000003,-0.0,2464.2496539368403
397,2024-01-17,103.41178,103.41178,1.9999999999999385,0.9,-206.82355999999362,2176.935728057026,2.0,0.575,-206.82356,2257.4260939368405
398,2024-01-17,107.06157,107.06157,0.0,0.9,-0.0,2176.935728057026,1.3684210526315792,0.9,-146.5053063157895,2110.920787621051
399,2024-01-17,113.11206,113.11206,0.0,0.9,-0.0,2176.935728057026,0.0,0.9,-0.0,2110.920787621051
400,2024-01-17,115.0,115.0,0.0,0.9,-0.0,2176.935728057026,0.0,0.9,-0.0,2110.920787621051
401,2024-01-17,125.4,125.4,-2.0,0.37368421052631584,250.8,2427.7357280570263,-1.6,0.4789473684210526,200.64000000000001,2311.560787621051
402,2024-01-17,120.0,120.0,-1.0400000000000003,0.1,124.80000000000003,2552.5357280570265,-1.4399999999999997,0.10000000000000003,172.79999999999995,2484.360787621051
403,2024-01-17,113.68582,113.68582,0.0,0.1,-0.0,2552.5357280570265,0.0,0.10000000000000003,-0.0,2484.360787621051
404,2024-01-17,104.23,104.23,0.0,0.1,-0.0,2552.5357280570265,0.0,0.10000000000000003,-0.0,2484.360787621051
405,2024-01-17,100.1786,100.1786,0.0,0.1,-0.0,2552.5357280570265,0.0,0.10000000000000003,-0.0,2484.360787621051
406,2024-01-17,93.28313,93.28313,0.0,0.1,-0.0,2552.5357280570265,0.0,0.10000000000000003,-0.0,2484.360787621051
407,2024-01-17,85.13999,85.13999,0.0,0.1,-0.0,2552.5357280570265,0.0,0.10000000000000003,-0.0,2484.360787621051
408,2024-01-18,84.0,84.0,0.0,0.1,-0.0,2552.5357280570265,0.0,0.10000000000000003,-0.0,2484.360787621051
409,2024-01-18,81.6,81.6,0.0,0.1,-0.0,2552.5357280570265,2.0,0.575,-163.2,2321.160787621051
410,2024-01-18,78.0,78.0,0.0,0.1,-0.0,2552.5357280570265,1.3684210526315792,0.9,-106.73684210526318,2214.4239455157876
411,2024-01-18,78.0,78.0,2.0,0.575,-156.0,2396.5357280570265,0.0,0.9,-0.0,2214.4239455157876
412,2024-01-18,75.95604,75.95604,1.3684210526315792,0.9,-103.93984421052633,2292.5958838465003,0.0,0.9,-0.0,2214.4239455157876
413,2024-01-18,81.37145,81.37145,0.0,0.9,-0.0,2292.5958838465003,0.0,0.9,-0.0,2214.4239455157876
414,2024-01-18,99.0,99.0,0.0,0.9,-0.0,2292.5958838465003,0.0,0.9,-0.0,2214.4239455157876
415,2024-01-18,112.70957,112.70957,0.0,0.9,-0.0,2292.5958838465003,0.0,0.9,-0.0,2214.4239455157876
416,2024-01-18,125.0,125.0,-2.0,0.37368421052631584,250.0,2542.5958838465003,-1.6,0.4789473684210526,200.0,2414.4239455157876
417,2024-01-18,119.23073,119.23073,-1.0400000000000003,0.1,123.99995920000002,2666.5958430465002,-1.4399999999999997,0.10000000000000003,171.69225119999996,2586.1161967157877
418,2024-01-18,112.11555,112.11555,0.0,0.1,-0.0,2666.5958430465002,0.0,0.10000000000000003,-0.0,2586.1161967157877
419,2024-01-18,97.98925,97.98925,0.0,0.1,-0.0,2666.5958430465002,0.0,0.10000000000000003,-0.0,2586.1161967157877
420,2024-01-18,90.16064,90.16064,1.3684210526345422,0.4250000000007037,-123.37771789500401,2543.218125151496,0.0,0.10000000000000003,-0.0,2586.1161967157877
421,2024-01-18,87.8814,87.8814,1.9999999999970373,0.9,-175.76279999973963,2367.4553251517564,2.0,0.575,-175.7628,2410.3533967157878
422,2024-01-18,92.01,92.01,0.0,0.9,-0.0,2367.4553251517564,1.3684210526315792,0.9,-125.90842105263161,2284.444975663156
423,2024-01-18,103.40414,103.40414,0.0,0.9,-0.0,2367.4553251517564,0.0,0.9,-0.0,2284.444975663156
424,2024-01-18,106.6622,106.6622,0.0,0.9,-0.0,2367.4553251517564,0.0,0.9,-0.0,2284.444975663156
425,2024-01-18,114.20625,114.20625,-2.0,0.37368421052631584,228.4125,2595.8678251517563,-1.6,0.4789473684210526,182.73000000000002,2467.174975663156
426,2024-01-18,110.0,110.0,-1.0400000000000003,0.1,114.40000000000003,2710.2678251517564,-1.4399999999999997,0.10000000000000003,158.39999999999998,2625.5749756631562
427,2024-01-18,109.71,109.71,0.0,0.1,-0.0,2710.2678251517564,0.0,0.10000000000000003,-0.0,2625.5749756631562
428,2024-01-18,103.32,103.32,0.0,0.1,-0.0,2710.2678251517564,0.0,0.10000000000000003,-0.0,2625.5749756631562
429,2024-01-18,100.0,100.0,0.0,0.1,-0.0,2710.2678251517564,0.0,0.10000000000000003,-0.0,2625.5749756631562
430,2024-01-18,91.47,91.47,0.0,0.1,-0.0,2710.2678251517564,0.0,0.10000000000000003,-0.0,2625.5749756631562
431,2024-01-18,84.08,84.08,0.0,0.1,-0.0,2710.2678251517564,0.0,0.10000000000000003,-0.0,2625.5749756631562
432,2024-01-19,72.13,72.13,0.0,0.1,-0.0,2710.2678251517564,0.0,0.10000000000000003,-0.0,2625.5749756631562
433,2024-01-19,70.0,70.0,0.0,0.1,-0.0,2710.2678251517564,0.0,0.10000000000000003,-0.0,2625.5749756631562
434,2024-01-19,66.49387,66.49387,1.3684210526434648,0.4250000000028229,-90.99161157973771,2619.2762135720186,2.0,0.575,-132.98774,2492.587235663156
435,2024-01-19,66.4,66.4,1.9999999999881144,0.9,-132.7999999992108,2486.476213572808,1.3684210526315792,0.9,-90.86315789473687,2401.724077768419
436,2024-01-19,69.16,69.16,0.0,0.9,-0.0,2486.476213572808,0.0,0.9,-0.0,2401.724077768419
437,2024-01-19,74.8,74.8,0.0,0.9,-0.0,2486.476213572808,0.0,0.9,-0.0,2401.724077768419
438,2024-01-19,90.83,90.83,0.0,0.9,-0.0,2486.476213572808,0.0,0.9,-0.0,2401.724077768419
439,2024-01-19,98.64,98.64,0.0,0.9,-0.0,2486.476213572808,0.0,0.9,-0.0,2401.724077768419
440,2024-01-19,117.68,117.68,-2.0,0.37368421052631584,235.36,2721.836213572808,-1.6,0.4789473684210526,188.288,2590.012077768419
441,2024-01-19,110.0,110.0,-1.0400000000000003,0.1,114.40000000000003,2836.236213572808,-1.4399999999999997,0.10000000000000003,158.39999999999998,2748.4120777684193
442,2024-01-19,100.56,100.56,0.0,0.1,-0.0,2836.236213572808,0.0,0.10000000000000003,-0.0,2748.4120777684193
443,2024-01-19,96.43,96.43,0.0,0.1,-0.0,2836.236213572808,0.0,0.10000000000000003,-0.0,2748.4120777684193
444,2024-01-19,91.58072,91.58072,2.0,0.575,-183.16144,2653.074773572808,0.0,0.10000000000000003,-0.0,2748.4120777684193
445,2024-01-19,93.09,93.09,1.3684210526315792,0.9,-127.38631578947371,2525.6884577833343,2.0,0.575,-186.18,2562.2320777684195
446,2024-01-19,95.63,95.63,0.0,0.9,-0.0,2525.6884577833343,1.3684210526315792,0.9,-130.8621052631579,2431.3699725052616
447,2024-01-19,99.05,99.05,0.0,0.9,-0.0,2525.6884577833343,0.0,0.9,-0.0,2431.3699725052616
448,2024-01-19,101.36,101.36,0.0,0.9,-0.0,2525.6884577833343,0.0,0.9,-0.0,2431.3699725052616
449,2024-01-19,107.67,107.67,-2.0,0.37368421052631584,215.34,2741.0284577833345,0.0,0.9,-0.0,2431.3699725052616
450,2024-01-19,107.17,107.17,-1.0400000000000003,0.1,111.45680000000003,2852.4852577833344,-1.6,0.4789473684210526,171.472,2602.8419725052618
451,2024-01-19,106.95,106.95,0.0,0.1,-0.0,2852.4852577833344,-1.4399999999999997,0.10000000000000003,154.00799999999998,2756.8499725052616
452,2024-01-19,99.03,99.03,0.0,0.1,-0.0,2852.4852577833344,0.0,0.10000000000000003,-0.0,2756.8499725052616
453,2024-01-19,98.49,98.49,0.0,0.1,-0.0,2852.4852577833344,0.0,0.10000000000000003,-0.0,2756.8499725052616
454,2024-01-19,96.0,96.0,0.0,0.1,-0.0,2852.4852577833344,0.0,0.10000000000000003,-0.0,2756.8499725052616
455,2024-01-19,92.9,92.9,0.0,0.1,-0.0,2852.4852577833344,0.0,0.10000000000000003,-0.0,2756.8499725052616
456,2024-01-20,93.5,93.5,0.0,0.1,-0.0,2852.4852577833344,0.0,0.10000000000000003,-0.0,2756.8499725052616
457,2024-01-20,85.4,85.4,0.0,0.1,-0.0,2852.4852577833344,0.0,0.10000000000000003,-0.0,2756.8499725052616
458,2024-01-20,77.75,77.75,0.0,0.1,-0.0,2852.4852577833344,2.0,0.575,-155.5,2601.3499725052616
459,2024-01-20,76.93,76.93,2.0,0.575,-153.86,2698.6252577833343,1.3684210526315792,0.9,-105.2726315789474,2496.0773409263143
460,2024-01-20,76.93,76.93,1.3684210526315792,0.9,-105.2726315789474,2593.352626204387,0.0,0.9,-0.0,2496.0773409263143
461,2024-01-20,76.93,76.93,0.0,0.9,-0.0,2593.352626204387,0.0,0.9,-0.0,2496.0773409263143
462,2024-01-20,87.37,87.37,0.0,0.9,-0.0,2593.352626204387,0.0,0.9,-0.0,2496.0773409263143
463,2024-01-20,96.07,96.07,0.0,0.9,-0.0,2593.352626204387,0.0,0.9,-0.0,2496.0773409263143
464,2024-01-20,100.0,100.0,0.0,0.9,-0.0,2593.352626204387,0.0,0.9,-0.0,2496.0773409263143
465,2024-01-20,99.0,99.0,0.0,0.9,-0.0,2593.352626204387,-1.6,0.4789473684210526,158.4,2654.4773409263144
466,2024-01-20,95.92,95.92,-2.0,0.37368421052631584,191.84,2785.192626204387,-1.4399999999999997,0.10000000000000003,138.12479999999996,2792.6021409263144
467,2024-01-20,92.49,92.49,-1.0400000000000003,0.1,96.18960000000001,2881.3822262043873,0.0,0.10000000000000003,-0.0,2792.6021409263144
468,2024-01-20,82.88,82.88,0.0,0.1,-0.0,2881.3822262043873,2.0,0.575,-165.76,2626.8421409263146
469,2024-01-20,77.75,77.75,2.0,0.575,-155.5,2725.8822262043873,1.3684210526315792,0.9,-106.39473684210529,2520.447404084209
470,2024-01-20,78.65,78.65,1.3684210526315792,0.9,-107.62631578947371,2618.2559104149136,0.0,0.9,-0.0,2520.447404084209
471,2024-01-20,90.85,90.85,0.0,0.9,-0.0,2618.2559104149136,0.0,0.9,-0.0,2520.447404084209
472,2024-01-20,96.07,96.07,0.0,0.9,-0.0,2618.2559104149136,0.0,0.9,-0.0,2520.447404084209
473,2024-01-20,105.0,105.0,-2.0,0.37368421052631584,210.0,2828.2559104149136,0.0,0.9,-0.0,2520.447404084209
474,2024-01-20,105.0,105.0,0.0,0.37368421052631584,-0.0,2828.2559104149136,-1.6,0.4789473684210526,168.0,2688.447404084209
475,2024-01-20,105.6,105.6,-1.0400000000000003,0.1,109.82400000000003,2938.0799104149137,-1.4399999999999997,0.10000000000000003,152.06399999999996,2840.511404084209
476,2024-01-20,98.52,98.52,0.0,0.1,-0.0,2938.0799104149137,0.0,0.10000000000000003,-0.0,2840.511404084209
477,2024-01-20,92.91,92.91,0.0,0.1,-0.0,2938.0799104149137,0.0,0.10000000000000003,-0.0,2840.511404084209
478,2024-01-20,81.23,81.23,0.0,0.1,-0.0,2938.0799104149137,0.0,0.10000000000000003,-0.0,2840.511404084209
479,2024-01-20,76.93,76.93,0.0,0.1,-0.0,2938.0799104149137,0.0,0.10000000000000003,-0.0,2840.511404084209
480,2024-01-21,84.4,84.4,0.0,0.1,-0.0,2938.0799104149137,0.0,0.10000000000000003,-0.0,2840.511404084209
481,2024-01-21,82.2,82.2,0.0,0.1,-0.0,2938.0799104149137,0.0,0.10000000000000003,-0.0,2840.511404084209
482,2024-01-21,75.03,75.03,0.0,0.1,-0.0,2938.0799104149137,0.0,0.10000000000000003,-0.0,2840.511404084209
483,2024-01-21,69.0,69.0,2.0,0.575,-138.0,2800.0799104149137,2.0,0.575,-138.0,2702.511404084209
484,2024-01-21,70.0,70.0,0.0,0.575,-0.0,2800.0799104149137,1.3684210526315792,0.9,-95.78947368421055,2606.7219303999987
485,2024-01-21,69.0,69.0,1.3684210526315792,0.9,-94.42105263157896,2705.6588577833345,0.0,0.9,-0.0,2606.7219303999987
486,2024-01-21,73.0,73.0,0.0,0.9,-0.0,2705.6588577833345,0.0,0.9,-0.0,2606.7219303999987
487,2024-01-21,90.0,90.0,-1.2000000045042025,0.584210525130473,108.00000040537823,2813.6588581887127,-1.6,0.4789473684210526,144.0,2750.7219303999987
488,2024-01-21,93.59,93.59,-1.8399999954957975,0.1,172.20559957845168,2985.8644577671644,-1.4399999999999997,0.10000000000000003,134.76959999999997,2885.4915303999987
489,2024-01-21,89.34,89.34,0.0,0.1,-0.0,2985.8644577671644,0.0,0.10000000000000003,-0.0,2885.4915303999987
490,2024-01-21,69.35615,69.35615,0.0,0.1,-0.0,2985.8644577671644,0.0,0.10000000000000003,-0.0,2885.4915303999987
491,2024-01-21,62.89145,62.89145,0.0,0.1,-0.0,2985.8644577671644,0.0,0.10000000000000003,-0.0,2885.4915303999987
492,2024-01-21,60.33551,60.33551,1.3684210529830212,0.4250000000834675,-82.5643821264676,2903.300075640697,2.0,0.575,-120.67102,2764.820510399999
493,2024-01-21,58.1183,58.1183,1.999999999648558,0.9,-116.23659997957479,2787.063475661122,1.3684210526315792,0.9,-79.53030526315791,2685.290205136841
494,2024-01-21,65.1,65.1,0.0,0.9,-0.0,2787.063475661122,0.0,0.9,-0.0,2685.290205136841
495,2024-01-21,88.38,88.38,0.0,0.9,-0.0,2787.063475661122,0.0,0.9,-0.0,2685.290205136841
496,2024-01-21,95.0,95.0,0.0,0.9,-0.0,2787.063475661122,0.0,0.9,-0.0,2685.290205136841
497,2024-01-21,98.81405,98.81405,0.0,0.9,-0.0,2787.063475661122,0.0,0.9,-0.0,2685.290205136841
498,2024-01-21,101.87,101.87,0.0,0.9,-0.0,2787.063475661122,-1.8,0.4263157894736842,183.366,2868.656205136841
499,2024-01-21,105.1,105.1,-2.0,0.37368421052631584,210.2,2997.263475661122,-1.24,0.1,130.32399999999998,2998.980205136841
500,2024-01-21,105.1,105.1,-1.0400000000000003,0.1,109.30400000000002,3106.567475661122,0.0,0.1,-0.0,2998.980205136841
501,2024-01-21,102.41,102.41,0.0,0.1,-0.0,3106.567475661122,0.0,0.1,-0.0,2998.980205136841
502,2024-01-21,97.75,97.75,0.0,0.1,-0.0,3106.567475661122,0.0,0.1,-0.0,2998.980205136841
503,2024-01-21,95.0,95.0,0.0,0.1,-0.0,3106.567475661122,0.0,0.1,-0.0,2998.980205136841
504,2024-01-22,84.4,84.4,0.0,0.1,-0.0,3106.567475661122,0.0,0.1,-0.0,2998.980205136841
505,2024-01-22,82.2,82.2,0.0,0.1,-0.0,3106.567475661122,2.0,0.575,-164.4,2834.580205136841
506,2024-01-22,77.9,77.9,0.0,0.1,-0.0,3106.567475661122,1.3684210526315792,0.9,-106.60000000000002,2727.980205136841
507,2024-01-22,77.9,77.9,2.0,0.575,-155.8,2950.767475661122,0.0,0.9,-0.0,2727.980205136841
508,2024-01-22,82.49,82.49,1.3684210526315792,0.9,-112.88105263157897,2837.886423029543,0.0,0.9,-0.0,2727.980205136841
509,2024-01-22,95.68,95.68,0.0,0.9,-0.0,2837.886423029543,0.0,0.9,-0.0,2727.980205136841
510,2024-01-22,106.0,106.0,0.0,0.9,-0.0,2837.886423029543,0.0,0.9,-0.0,2727.980205136841
511,2024-01-22,114.5,114.5,0.0,0.9,-0.0,2837.886423029543,0.0,0.9,-0.0,2727.980205136841
512,2024-01-22,131.8,131.8,-2.0,0.37368421052631584,263.6,3101.486423029543,-1.6,0.4789473684210526,210.88000000000002,2938.860205136841
513,2024-01-22,114.0,114.0,-1.0400000000000003,0.1,118.56000000000003,3220.046423029543,-1.4399999999999997,0.10000000000000003,164.15999999999997,3103.020205136841
514,2024-01-22,99.83,99.83,0.0,0.1,-0.0,3220.046423029543,0.0,0.10000000000000003,-0.0,3103.020205136841
515,2024-01-22,97.73,97.73,0.0,0.1,-0.0,3220.046423029543,0.0,0.10000000000000003,-0.0,3103.020205136841
516,2024-01-22,94.5,94.5,0.0,0.1,-0.0,3220.046423029543,2.0,0.575,-189.0,2914.020205136841
517,2024-01-22,95.0,95.0,2.0,0.575,-190.0,3030.046423029543,1.3684210526315792,0.9,-130.00000000000003,2784.020205136841
518,2024-01-22,99.46,99.46,1.3684210526315792,0.9,-136.10315789473685,2893.943265134806,0.0,0.9,-0.0,2784.020205136841
519,2024-01-22,113.41,113.41,0.0,0.9,-0.0,2893.943265134806,0.0,0.9,-0.0,2784.020205136841
520,2024-01-22,122.00407,122.00407,-1.2000000005675402,0.5842105261664368,146.4048840692422,3040.3481492040482,0.0,0.9,-0.0,2784.020205136841
521,2024-01-22,131.8,131.8,-1.8399999994324596,0.1,242.5119999251982,3282.8601491292466,-1.6,0.4789473684210526,210.88000000000002,2994.900205136841
522,2024-01-22,119.75,119.75,0.0,0.1,-0.0,3282.8601491292466,-1.4399999999999997,0.10000000000000003,172.43999999999997,3167.340205136841
523,2024-01-22,114.5,114.5,0.0,0.1,-0.0,3282.8601491292466,0.0,0.10000000000000003,-0.0,3167.340205136841
524,2024-01-22,108.63,108.63,0.0,0.1,-0.0,3282.8601491292466,0.0,0.10000000000000003,-0.0,3167.340205136841
525,2024-01-22,99.83,99.83,0.0,0.1,-0.0,3282.8601491292466,0.0,0.10000000000000003,-0.0,3167.340205136841
526,2024-01-22,97.46612,97.46612,0.0,0.1,-0.0,3282.8601491292466,0.0,0.10000000000000003,-0.0,3167.340205136841
527,2024-01-22,90.01,90.01,0.0,0.1,-0.0,3282.8601491292466,0.0,0.10000000000000003,-0.0,3167.340205136841
528,2024-01-23,75.9,75.9,0.0,0.1,-0.0,3282.8601491292466,0.0,0.10000000000000003,-0.0,3167.340205136841
529,2024-01-23,72.0,72.0,0.0,0.1,-0.0,3282.8601491292466,2.0,0.575,-144.0,3023.340205136841
530,2024-01-23,65.1,65.1,2.0,0.575,-130.2,3152.6601491292467,1.3684210526315792,0.9,-89.0842105263158,2934.2559946105252
531,2024-01-23,65.1,65.1,1.3684210526315792,0.9,-89.0842105263158,3063.575938602931,0.0,0.9,-0.0,2934.2559946105252
532,2024-01-23,70.33,70.33,0.0,0.9,-0.0,3063.575938602931,0.0,0.9,-0.0,2934.2559946105252
533,2024-01-23,79.32,79.32,0.0,0.9,-0.0,3063.575938602931,0.0,0.9,-0.0,2934.2559946105252
534,2024-01-23,95.13,95.13,0.0,0.9,-0.0,3063.575938602931,0.0,0.9,-0.0,2934.2559946105252
535,2024-01-23,104.11,104.11,0.0,0.9,-0.0,3063.575938602931,0.0,0.9,-0.0,2934.2559946105252
536,2024-01-23,122.00354,122.00354,-2.0,0.37368421052631584,244.00708,3307.5830186029307,-1.6,0.4789473684210526,195.205664,3129.4616586105253
537,2024-01-23,105.0,105.0,-1.0400000000000003,0.1,109.20000000000003,3416.7830186029305,-1.4399999999999997,0.10000000000000003,151.19999999999996,3280.661658610525
538,2024-01-23,96.45,96.45,0.0,0.1,-0.0,3416.7830186029305,0.0,0.10000000000000003,-0.0,3280.661658610525
539,2024-01-23,90.0,90.0,0.0,0.1,-0.0,3416.7830186029305,0.0,0.10000000000000003,-0.0,3280.661658610525
540,2024-01-23,79.74703,79.74703,1.3684579689808196,0.4250087676329446,-109.13045870605248,3307.652559896878,2.0,0.575,-159.49406,3121.167598610525
541,2024-01-23,79.567,79.567,1.9999630836507598,0.9,-159.13106267684,3148.521497220038,1.3684210526315792,0.9,-108.88115789473686,3012.286440715788
542,2024-01-23,85.87885,85.87885,0.0,0.9,-0.0,3148.521497220038,0.0,0.9,-0.0,3012.286440715788
543,2024-01-23,92.89909,92.89909,0.0,0.9,-0.0,3148.521497220038,0.0,0.9,-0.0,3012.286440715788
544,2024-01-23,100.13,100.13,0.0,0.9,-0.0,3148.521497220038,0.0,0.9,-0.0,3012.286440715788
545,2024-01-23,105.98,105.98,-2.0,0.37368421052631584,211.96,3360.481497220038,-1.8,0.4263157894736842,190.764,3203.050440715788
546,2024-01-23,103.04,103.04,-1.0400000000000003,0.1,107.16160000000004,3467.643097220038,-1.24,0.1,127.76960000000001,3330.8200407157883
547,2024-01-23,101.61,101.61,0.0,0.1,-0.0,3467.643097220038,0.0,0.1,-0.0,3330.8200407157883
548,2024-01-23,99.46,99.46,0.0,0.1,-0.0,3467.643097220038,0.0,0.1,-0.0,3330.8200407157883
549,2024-01-23,97.66,97.66,0.0,0.1,-0.0,3467.643097220038,0.0,0.1,-0.0,3330.8200407157883
550,2024-01-23,94.1,94.1,0.0,0.1,-0.0,3467.643097220038,0.0,0.1,-0.0,3330.8200407157883
551,2024-01-23,89.44,89.44,0.0,0.1,-0.0,3467.643097220038,0.0,0.1,-0.0,3330.8200407157883
552,2024-01-24,76.4,76.4,0.0,0.1,-0.0,3467.643097220038,0.0,0.1,-0.0,3330.8200407157883
553,2024-01-24,69.0,69.0,0.0,0.1,-0.0,3467.643097220038,2.0,0.575,-138.0,3192.8200407157883
554,2024-01-24,65.7,65.7,1.3684210685671778,0.4250000037847047,-89.90526420486358,3377.737833015174,1.3684210526315792,0.9,-89.90526315789475,3102.9147775578936
555,2024-01-24,65.3,65.3,1.9999999840644014,0.9,-130.5999989594054,3247.1378340557685,0.0,0.9,-0.0,3102.9147775578936
556,2024-01-24,66.85,66.85,0.0,0.9,-0.0,3247.1378340557685,0.0,0.9,-0.0,3102.9147775578936
557,2024-01-24,79.0,79.0,0.0,0.9,-0.0,3247.1378340557685,0.0,0.9,-0.0,3102.9147775578936
558,2024-01-24,97.01,97.01,0.0,0.9,-0.0,3247.1378340557685,0.0,0.9,-0.0,3102.9147775578936
559,2024-01-24,122.0061,122.0061,-2.0,0.37368421052631584,244.0122,3491.1500340557686,-1.6,0.4789473684210526,195.20976000000002,3298.1245375578937
560,2024-01-24,128.0,128.0,-1.0400000000000003,0.1,133.12000000000003,3624.2700340557685,-1.4399999999999997,0.10000000000000003,184.31999999999996,3482.444537557894
561,2024-01-24,107.52,107.52,0.0,0.1,-0.0,3624.2700340557685,0.0,0.10000000000000003,-0.0,3482.444537557894
562,2024-01-24,98.3,98.3,0.0,0.1,-0.0,3624.2700340557685,0.0,0.10000000000000003,-0.0,3482.444537557894
563,2024-01-24,95.25,95.25,0.0,0.1,-0.0,3624.2700340557685,0.0,0.10000000000000003,-0.0,3482.444537557894
564,2024-01-24,83.22628,83.22628,2.0,0.575,-166.45256,3457.8174740557683,2.0,0.575,-166.45256,3315.9919775578937
565,2024-01-24,84.97,84.97,1.3684210526315792,0.9,-116.27473684210528,3341.5427372136633,1.3684210526315792,0.9,-116.27473684210528,3199.7172407157886
566,2024-01-24,95.25,95.25,0.0,0.9,-0.0,3341.5427372136633,0.0,0.9,-0.0,3199.7172407157886
567,2024-01-24,101.0,101.0,0.0,0.9,-0.0,3341.5427372136633,0.0,0.9,-0.0,3199.7172407157886
568,2024-01-24,111.88,111.88,0.0,0.9,-0.0,3341.5427372136633,0.0,0.9,-0.0,3199.7172407157886
569,2024-01-24,125.53,125.53,-2.0,0.37368421052631584,251.06,3592.602737213663,-1.6,0.4789473684210526,200.848,3400.5652407157886
570,2024-01-24,123.54,123.54,-1.0400000000000003,0.1,128.48160000000004,3721.0843372136633,-1.4399999999999997,0.10000000000000003,177.89759999999998,3578.4628407157884
571,2024-01-24,119.27,119.27,0.0,0.1,-0.0,3721.0843372136633,0.0,0.10000000000000003,-0.0,3578.4628407157884
572,2024-01-24,105.04,105.04,0.0,0.1,-0.0,3721.0843372136633,0.0,0.10000000000000003,-0.0,3578.4628407157884
573,2024-01-24,101.94,101.94,0.0,0.1,-0.0,3721.0843372136633,0.0,0.10000000000000003,-0.0,3578.4628407157884
574,2024-01-24,97.09,97.09,0.0,0.1,-0.0,3721.0843372136633,0.0,0.10000000000000003,-0.0,3578.4628407157884
575,2024-01-24,94.0,94.0,0.0,0.1,-0.0,3721.0843372136633,0.0,0.10000000000000003,-0.0,3578.4628407157884
576,2024-01-25,80.34,80.34,0.0,0.1,-0.0,3721.0843372136633,0.0,0.10000000000000003,-0.0,3578.4628407157884
577,2024-01-25,72.23,72.23,0.0,0.1,-0.0,3721.0843372136633,0.0,0.10000000000000003,-0.0,3578.4628407157884
578,2024-01-25,69.6,69.6,1.368421052631826,0.42500000000005866,-95.24210526317508,3625.842231950488,2.0,0.575,-139.2,3439.2628407157886
579,2024-01-25,66.9,66.9,1.999999999999753,0.9,-133.7999999999835,3492.0422319505046,1.3684210526315792,0.9,-91.54736842105265,3347.7154722947357
580,2024-01-25,69.76,69.76,0.0,0.9,-0.0,3492.0422319505046,0.0,0.9,-0.0,3347.7154722947357
581,2024-01-25,80.0,80.0,0.0,0.9,-0.0,3492.0422319505046,0.0,0.9,-0.0,3347.7154722947357
582,2024-01-25,96.19,96.19,0.0,0.9,-0.0,3492.0422319505046,0.0,0.9,-0.0,3347.7154722947357
583,2024-01-25,106.13,106.13,0.0,0.9,-0.0,3492.0422319505046,-1.6,0.4789473684210526,169.808,3517.5234722947357
584,2024-01-25,124.23,124.23,-2.0,0.37368421052631584,248.46,3740.5022319505047,-1.4399999999999997,0.10000000000000003,178.89119999999997,3696.4146722947357
585,2024-01-25,106.3,106.3,-1.0400000000000003,0.1,110.55200000000002,3851.054231950505,0.0,0.10000000000000003,-0.0,3696.4146722947357
586,2024-01-25,94.19572,94.19572,0.0,0.1,-0.0,3851.054231950505,0.0,0.10000000000000003,-0.0,3696.4146722947357
587,2024-01-25,89.10863,89.10863,0.0,0.1,-0.0,3851.054231950505,0.0,0.10000000000000003,-0.0,3696.4146722947357
588,2024-01-25,78.212,78.212,2.0,0.575,-156.424,3694.630231950505,2.0,0.575,-156.424,3539.9906722947358
589,2024-01-25,78.39197,78.39197,1.3684210526315792,0.9,-107.27322210526317,3587.3570098452415,1.3684210526315792,0.9,-107.27322210526317,3432.7174501894724
590,2024-01-25,89.67638,89.67638,0.0,0.9,-0.0,3587.3570098452415,0.0,0.9,-0.0,3432.7174501894724
591,2024-01-25,98.43,98.43,0.0,0.9,-0.0,3587.3570098452415,0.0,0.9,-0.0,3432.7174501894724
592,2024-01-25,108.56,108.56,0.0,0.9,-0.0,3587.3570098452415,0.0,0.9,-0.0,3432.7174501894724
593,2024-01-25,126.56,126.56,-2.0,0.37368421052631584,253.12,3840.4770098452414,-1.6,0.4789473684210526,202.496,3635.2134501894725
594,2024-01-25,122.00018,122.00018,-1.0400000000000003,0.1,126.88018720000004,3967.3571970452413,-1.4399999999999997,0.10000000000000003,175.68025919999997,3810.8937093894724
595,2024-01-25,120.0,120.0,0.0,0.1,-0.0,3967.3571970452413,0.0,0.10000000000000003,-0.0,3810.8937093894724
596,2024-01-25,106.13,106.13,0.0,0.1,-0.0,3967.3571970452413,0.0,0.10000000000000003,-0.0,3810.8937093894724
597,2024-01-25,99.89,99.89,0.0,0.1,-0.0,3967.3571970452413,0.0,0.10000000000000003,-0.0,3810.8937093894724
598,2024-01-25,96.82,96.82,0.0,0.1,-0.0,3967.3571970452413,0.0,0.10000000000000003,-0.0,3810.8937093894724
599,2024-01-25,95.68,95.68,0.0,0.1,-0.0,3967.3571970452413,0.0,0.10000000000000003,-0.0,3810.8937093894724
600,2024-01-26,93.8,93.8,0.0,0.1,-0.0,3967.3571970452413,0.0,0.10000000000000003,-0.0,3810.8937093894724
601,2024-01-26,88.89,88.89,0.0,0.1,-0.0,3967.3571970452413,0.0,0.10000000000000003,-0.0,3810.8937093894724
602,2024-01-26,85.8,85.8,0.0,0.1,-0.0,3967.3571970452413,2.0,0.575,-171.6,3639.2937093894725
603,2024-01-26,83.0,83.0,2.0,0.575,-166.0,3801.3571970452413,1.3684210526315792,0.9,-113.57894736842107,3525.7147620210512
604,2024-01-26,85.0,85.0,1.3684210526315792,0.9,-116.31578947368423,3685.041407571557,0.0,0.9,-0.0,3525.7147620210512
605,2024-01-26,90.01,90.01,0.0,0.9,-0.0,3685.041407571557,0.0,0.9,-0.0,3525.7147620210512
606,2024-01-26,99.3,99.3,0.0,0.9,-0.0,3685.041407571557,0.0,0.9,-0.0,3525.7147620210512
607,2024-01-26,120.05,120.05,0.0,0.9,-0.0,3685.041407571557,-1.6,0.4789473684210526,192.08,3717.794762021051
608,2024-01-26,135.0,135.0,-2.0,0.37368421052631584,270.0,3955.041407571557,-1.4399999999999997,0.10000000000000003,194.39999999999995,3912.1947620210512
609,2024-01-26,120.05,120.05,-1.0400000000000003,0.1,124.85200000000003,4079.893407571557,0.0,0.10000000000000003,-0.0,3912.1947620210512
610,2024-01-26,100.31,100.31,0.0,0.1,-0.0,4079.893407571557,0.0,0.10000000000000003,-0.0,3912.1947620210512
611,2024-01-26,96.87346,96.87346,0.0,0.1,-0.0,4079.893407571557,0.0,0.10000000000000003,-0.0,3912.1947620210512
612,2024-01-26,86.44,86.44,2.0,0.575,-172.88,3907.013407571557,2.0,0.575,-172.88,3739.314762021051
613,2024-01-26,87.52317,87.52317,1.3684210526315792,0.9,-119.76854842105264,3787.244859150504,1.3684210526315792,0.9,-119.76854842105264,3619.5462135999983
614,2024-01-26,95.01,95.01,0.0,0.9,-0.0,3787.244859150504,0.0,0.9,-0.0,3619.5462135999983
615,2024-01-26,101.6558,101.6558,0.0,0.9,-0.0,3787.244859150504,0.0,0.9,-0.0,3619.5462135999983
616,2024-01-26,117.45,117.45,0.0,0.9,-0.0,3787.244859150504,0.0,0.9,-0.0,3619.5462135999983
617,2024-01-26,128.0,128.0,-2.0,0.37368421052631584,256.0,4043.244859150504,-1.6,0.4789473684210526,204.8,3824.3462135999985
618,2024-01-26,119.99,119.99,-1.0400000000000003,0.1,124.78960000000002,4168.034459150504,-1.4399999999999997,0.10000000000000003,172.78559999999996,3997.1318135999986
619,2024-01-26,115.0,115.0,0.0,0.1,-0.0,4168.034459150504,0.0,0.10000000000000003,-0.0,3997.1318135999986
620,2024-01-26,101.24552,101.24552,0.0,0.1,-0.0,4168.034459150504,0.0,0.10000000000000003,-0.0,3997.1318135999986
621,2024-01-26,98.57,98.57,0.0,0.1,-0.0,4168.034459150504,0.0,0.10000000000000003,-0.0,3997.1318135999986
622,2024-01-26,95.48,95.48,0.0,0.1,-0.0,4168.034459150504,0.0,0.10000000000000003,-0.0,3997.1318135999986
623,2024-01-26,94.05,94.05,0.0,0.1,-0.0,4168.034459150504,0.0,0.10000000000000003,-0.0,3997.1318135999986
624,2024-01-27,97.29,97.29,0.0,0.1,-0.0,4168.034459150504,0.0,0.10000000000000003,-0.0,3997.1318135999986
625,2024-01-27,93.27,93.27,0.0,0.1,-0.0,4168.034459150504,0.0,0.10000000000000003,-0.0,3997.1318135999986
626,2024-01-27,90.46,90.46,0.0,0.1,-0.0,4168.034459150504,2.0,0.575,-180.92,3816.2118135999985
627,2024-01-27,86.44,86.44,2.0,0.575,-172.88,3995.1544591505035,1.3684210526315792,0.9,-118.2863157894737,3697.925497810525
628,2024-01-27,85.7,85.7,1.3684210526315792,0.9,-117.27368421052634,3877.880774939977,0.0,0.9,-0.0,3697.925497810525
629,2024-01-27,86.44,86.44,0.0,0.9,-0.0,3877.880774939977,0.0,0.9,-0.0,3697.925497810525
630,2024-01-27,95.21,95.21,0.0,0.9,-0.0,3877.880774939977,0.0,0.9,-0.0,3697.925497810525
631,2024-01-27,104.94,104.94,-1.2000000002005526,0.5842105262630124,125.92800002104599,4003.808774961023,0.0,0.9,-0.0,3697.925497810525
632,2024-01-27,114.2,114.2,-1.8399999997994472,0.1,210.12799997709686,4213.93677493812,-1.6,0.4789473684210526,182.72000000000003,3880.645497810525
633,2024-01-27,104.23,104.23,0.0,0.1,-0.0,4213.93677493812,-1.4399999999999997,0.10000000000000003,150.0912,4030.7366978105247
634,2024-01-27,95.0,95.0,0.0,0.1,-0.0,4213.93677493812,0.0,0.10000000000000003,-0.0,4030.7366978105247
635,2024-01-27,85.0,85.0,0.0,0.1,-0.0,4213.93677493812,0.0,0.10000000000000003,-0.0,4030.7366978105247
636,2024-01-27,70.57,70.57,1.3684210526316982,0.42500000000002836,-96.56947368421893,4117.367301253901,2.0,0.575,-141.14,3889.596697810525
637,2024-01-27,70.19,70.19,1.9999999999998808,0.9,-140.37999999999164,3976.9873012539097,1.3684210526315792,0.9,-96.04947368421054,3793.547224126314
638,2024-01-27,71.95,71.95,0.0,0.9,-0.0,3976.9873012539097,0.0,0.9,-0.0,3793.547224126314
639,2024-01-27,78.34,78.34,0.0,0.9,-0.0,3976.9873012539097,0.0,0.9,-0.0,3793.547224126314
640,2024-01-27,96.33,96.33,0.0,0.9,-0.0,3976.9873012539097,0.0,0.9,-0.0,3793.547224126314
641,2024-01-27,101.94,101.94,0.0,0.9,-0.0,3976.9873012539097,0.0,0.9,-0.0,3793.547224126314
642,2024-01-27,105.78,105.78,-2.0,0.37368421052631584,211.56,4188.54730125391,-1.6,0.4789473684210526,169.24800000000002,3962.795224126314
643,2024-01-27,105.33,105.33,-1.0400000000000003,0.1,109.54320000000003,4298.09050125391,-1.4399999999999997,0.10000000000000003,151.67519999999996,4114.470424126314
644,2024-01-27,98.61,98.61,0.0,0.1,-0.0,4298.09050125391,0.0,0.10000000000000003,-0.0,4114.470424126314
645,2024-01-27,97.29,97.29,0.0,0.1,-0.0,4298.09050125391,0.0,0.10000000000000003,-0.0,4114.470424126314
646,2024-01-27,90.78,90.78,0.0,0.1,-0.0,4298.09050125391,0.0,0.10000000000000003,-0.0,4114.470424126314
647,2024-01-27,84.0,84.0,0.0,0.1,-0.0,4298.09050125391,0.0,0.10000000000000003,-0.0,4114.470424126314
648,2024-01-28,75.11,75.11,0.0,0.1,-0.0,4298.09050125391,0.0,0.10000000000000003,-0.0,4114.470424126314
649,2024-01-28,73.27,73.27,0.0,0.1,-0.0,4298.09050125391,0.0,0.10000000000000003,-0.0,4114.470424126314
650,2024-01-28,70.46,70.46,0.0,0.1,-0.0,4298.09050125391,0.0,0.10000000000000003,-0.0,4114.470424126314
651,2024-01-28,66.44,66.44,0.0,0.1,-0.0,4298.09050125391,2.0,0.575,-132.88,3981.5904241263142
652,2024-01-28,61.93,61.93,2.0,0.575,-123.86,4174.23050125391,1.3684210526315792,0.9,-84.7463157894737,3896.8441083368407
653,2024-01-28,61.82058,61.82058,1.3684210526315792,0.9,-84.59658315789476,4089.6339180960153,0.0,0.9,-0.0,3896.8441083368407
654,2024-01-28,70.4,70.4,0.0,0.9,-0.0,4089.6339180960153,0.0,0.9,-0.0,3896.8441083368407
655,2024-01-28,75.19,75.19,0.0,0.9,-0.0,4089.6339180960153,-1.6,0.4789473684210526,120.304,4017.148108336841
656,2024-01-28,90.0,90.0,0.0,0.9,-0.0,4089.6339180960153,-1.4399999999999997,0.10000000000000003,129.59999999999997,4146.748108336841
657,2024-01-28,89.37,89.37,-2.0,0.37368421052631584,178.74,4268.373918096016,0.0,0.10000000000000003,-0.0,4146.748108336841
658,2024-01-28,65.0,65.0,-1.0400000000000003,0.1,67.60000000000002,4335.973918096016,0.0,0.10000000000000003,-0.0,4146.748108336841
659,2024-01-28,49.99,49.99,0.0,0.1,-0.0,4335.973918096016,0.0,0.10000000000000003,-0.0,4146.748108336841
660,2024-01-28,50.0,50.0,1.368421053660782,0.42500000024443574,-68.4210526830391,4267.552865412977,2.0,0.575,-100.0,4046.748108336841
661,2024-01-28,48.33318,48.33318,1.999999998970797,0.9,-96.66635995025534,4170.886505462721,1.3684210526315792,0.9,-66.14014105263159,3980.6079672842097
662,2024-01-28,67.08,67.08,0.0,0.9,-0.0,4170.886505462721,0.0,0.9,-0.0,3980.6079672842097
663,2024-01-28,77.30454,77.30454,0.0,0.9,-0.0,4170.886505462721,0.0,0.9,-0.0,3980.6079672842097
664,2024-01-28,88.28622,88.28622,0.0,0.9,-0.0,4170.886505462721,0.0,0.9,-0.0,3980.6079672842097
665,2024-01-28,98.35821,98.35821,0.0,0.9,-0.0,4170.886505462721,0.0,0.9,-0.0,3980.6079672842097
666,2024-01-28,100.0,100.0,-2.0,0.37368421052631584,200.0,4370.886505462721,-1.6,0.4789473684210526,160.0,4140.60796728421
667,2024-01-28,100.56,100.56,-1.0400000000000003,0.1,104.58240000000004,4475.4689054627215,-1.4399999999999997,0.10000000000000003,144.80639999999997,4285.41436728421
668,2024-01-28,97.44,97.44,0.0,0.1,-0.0,4475.4689054627215,0.0,0.10000000000000003,-0.0,4285.41436728421
669,2024-01-28,97.0,97.0,0.0,0.1,-0.0,4475.4689054627215,0.0,0.10000000000000003,-0.0,4285.41436728421
670,2024-01-28,90.93,90.93,0.0,0.1,-0.0,4475.4689054627215,0.0,0.10000000000000003,-0.0,4285.41436728421
671,2024-01-28,75.11,75.11,0.0,0.1,-0.0,4475.4689054627215,0.0,0.10000000000000003,-0.0,4285.41436728421
672,2024-01-29,75.11,75.11,0.0,0.1,-0.0,4475.4689054627215,0.0,0.10000000000000003,-0.0,4285.41436728421
673,2024-01-29,68.11,68.11,0.0,0.1,-0.0,4475.4689054627215,2.0,0.575,-136.22,4149.19436728421
674,2024-01-29,70.46,70.46,0.0,0.1,-0.0,4475.4689054627215,1.3684210526315792,0.9,-96.41894736842106,4052.775419915789
675,2024-01-29,66.44,66.44,1.3684210526316005,0.42500000000000515,-90.91789473684354,4384.551010725878,0.0,0.9,-0.0,4052.775419915789
676,2024-01-29,62.77,62.77,1.9999999999999785,0.9,-125.53999999999866,4259.011010725879,0.0,0.9,-0.0,4052.775419915789
677,2024-01-29,78.8,78.8,0.0,0.9,-0.0,4259.011010725879,0.0,0.9,-0.0,4052.775419915789
678,2024-01-29,96.78,96.78,0.0,0.9,-0.0,4259.011010725879,0.0,0.9,-0.0,4052.775419915789
679,2024-01-29,103.14,103.14,0.0,0.9,-0.0,4259.011010725879,0.0,0.9,-0.0,4052.775419915789
680,2024-01-29,126.2,126.2,-2.0,0.37368421052631584,252.4,4511.411010725878,-1.6,0.4789473684210526,201.92000000000002,4254.695419915789
681,2024-01-29,105.0,105.0,-1.0400000000000003,0.1,109.20000000000003,4620.611010725878,-1.4399999999999997,0.10000000000000003,151.19999999999996,4405.895419915789
682,2024-01-29,98.61,98.61,0.0,0.1,-0.0,4620.611010725878,0.0,0.10000000000000003,-0.0,4405.895419915789
683,2024-01-29,95.96789,95.96789,0.0,0.1,-0.0,4620.611010725878,0.0,0.10000000000000003,-0.0,4405.895419915789
684,2024-01-29,90.11,90.11,2.0,0.575,-180.22,4440.391010725878,2.0,0.575,-180.22,4225.675419915789
685,2024-01-29,90.5,90.5,1.3684210526315792,0.9,-123.84210526315792,4316.54890546272,1.3684210526315792,0.9,-123.84210526315792,4101.833314652631
686,2024-01-29,96.0,96.0,0.0,0.9,-0.0,4316.54890546272,0.0,0.9,-0.0,4101.833314652631
687,2024-01-29,100.42531,100.42531,0.0,0.9,-0.0,4316.54890546272,0.0,0.9,-0.0,4101.833314652631
688,2024-01-29,109.78,109.78,0.0,0.9,-0.0,4316.54890546272,0.0,0.9,-0.0,4101.833314652631
689,2024-01-29,126.3,126.3,-2.0,0.37368421052631584,252.6,4569.14890546272,-1.6,0.4789473684210526,202.08,4303.913314652631
690,2024-01-29,120.69,120.69,-1.0400000000000003,0.1,125.51760000000003,4694.66650546272,-1.4399999999999997,0.10000000000000003,173.79359999999997,4477.706914652631
691,2024-01-29,113.28,113.28,0.0,0.1,-0.0,4694.66650546272,0.0,0.10000000000000003,-0.0,4477.706914652631
692,2024-01-29,101.0,101.0,0.0,0.1,-0.0,4694.66650546272,0.0,0.10000000000000003,-0.0,4477.706914652631
693,2024-01-29,99.0,99.0,0.0,0.1,-0.0,4694.66650546272,0.0,0.10000000000000003,-0.0,4477.706914652631
694,2024-01-29,96.21,96.21,0.0,0.1,-0.0,4694.66650546272,0.0,0.10000000000000003,-0.0,4477.706914652631
695,2024-01-29,92.52,92.52,0.0,0.1,-0.0,4694.66650546272,0.0,0.10000000000000003,-0.0,4477.706914652631
696,2024-01-30,84.7,84.7,0.0,0.1,-0.0,4694.66650546272,0.0,0.10000000000000003,-0.0,4477.706914652631
697,2024-01-30,83.03,83.03,0.0,0.1,-0.0,4694.66650546272,0.0,0.10000000000000003,-0.0,4477.706914652631
698,2024-01-30,78.34,78.34,2.0,0.575,-156.68,4537.98650546272,2.0,0.575,-156.68,4321.026914652631
699,2024-01-30,79.91,79.91,1.3684210526315792,0.9,-109.3505263157895,4428.63597914693,1.3684210526315792,0.9,-109.3505263157895,4211.676388336841
700,2024-01-30,83.03,83.03,0.0,0.9,-0.0,4428.63597914693,0.0,0.9,-0.0,4211.676388336841
701,2024-01-30,83.78,83.78,0.0,0.9,-0.0,4428.63597914693,0.0,0.9,-0.0,4211.676388336841
702,2024-01-30,97.8,97.8,0.0,0.9,-0.0,4428.63597914693,0.0,0.9,-0.0,4211.676388336841
703,2024-01-30,107.61,107.61,0.0,0.9,-0.0,4428.63597914693,0.0,0.9,-0.0,4211.676388336841
704,2024-01-30,127.01,127.01,-2.0,0.37368421052631584,254.02,4682.655979146931,-1.6,0.4789473684210526,203.216,4414.892388336842
705,2024-01-30,110.16,110.16,-1.0400000000000003,0.1,114.56640000000003,4797.2223791469305,-1.4399999999999997,0.10000000000000003,158.63039999999995,4573.522788336842
706,2024-01-30,100.0,100.0,0.0,0.1,-0.0,4797.2223791469305,0.0,0.10000000000000003,-0.0,4573.522788336842
707,2024-01-30,95.5,95.5,0.0,0.1,-0.0,4797.2223791469305,0.0,0.10000000000000003,-0.0,4573.522788336842
708,2024-01-30,84.0,84.0,1.9917627985545354,0.5730436646567022,-167.30807507858097,4629.914304068349,2.0,0.575,-168.0,4405.522788336842
709,2024-01-30,84.0,84.0,1.3766582540770436,0.9,-115.63929334247166,4514.275010725878,1.3684210526315792,0.9,-114.94736842105266,4290.575419915789
710,2024-01-30,94.52,94.52,0.0,0.9,-0.0,4514.275010725878,0.0,0.9,-0.0,4290.575419915789
711,2024-01-30,100.0,100.0,0.0,0.9,-0.0,4514.275010725878,0.0,0.9,-0.0,4290.575419915789
712,2024-01-30,110.0,110.0,0.0,0.9,-0.0,4514.275010725878,0.0,0.9,-0.0,4290.575419915789
713,2024-01-30,124.34,124.34,-2.0,0.37368421052631584,248.68,4762.955010725878,-1.6,0.4789473684210526,198.94400000000002,4489.5194199157895
714,2024-01-30,123.69,123.69,-1.0400000000000003,0.1,128.63760000000002,4891.592610725878,-1.4399999999999997,0.10000000000000003,178.11359999999996,4667.633019915789
715,2024-01-30,118.14,118.14,0.0,0.1,-0.0,4891.592610725878,0.0,0.10000000000000003,-0.0,4667.633019915789
716,2024-01-30,108.14343,108.14343,0.0,0.1,-0.0,4891.592610725878,0.0,0.10000000000000003,-0.0,4667.633019915789
717,2024-01-30,102.02,102.02,0.0,0.1,-0.0,4891.592610725878,0.0,0.10000000000000003,-0.0,4667.633019915789
718,2024-01-30,98.0,98.0,0.0,0.1,-0.0,4891.592610725878,0.0,0.10000000000000003,-0.0,4667.633019915789
719,2024-01-30,96.78,96.78,0.0,0.1,-0.0,4891.592610725878,0.0,0.10000000000000003,-0.0,4667.633019915789
720,2024-01-31,95.2,95.2,0.0,0.1,-0.0,4891.592610725878,0.0,0.10000000000000003,-0.0,4667.633019915789
721,2024-01-31,95.2,95.2,0.0,0.1,-0.0,4891.592610725878,0.0,0.10000000000000003,-0.0,4667.633019915789
722,2024-01-31,85.52,85.52,2.0,0.575,-171.04,4720.552610725878,2.0,0.575,-171.04,4496.593019915789
723,2024-01-31,89.81,89.81,1.3684210526315792,0.9,-122.89789473684213,4597.654715989036,1.3684210526315792,0.9,-122.89789473684213,4373.695125178947
724,2024-01-31,91.03,91.03,0.0,0.9,-0.0,4597.654715989036,0.0,0.9,-0.0,4373.695125178947
725,2024-01-31,95.13,95.13,0.0,0.9,-0.0,4597.654715989036,0.0,0.9,-0.0,4373.695125178947
726,2024-01-31,103.37,103.37,0.0,0.9,-0.0,4597.654715989036,0.0,0.9,-0.0,4373.695125178947
727,2024-01-31,111.76,111.76,0.0,0.9,-0.0,4597.654715989036,-1.6,0.4789473684210526,178.81600000000003,4552.511125178947
728,2024-01-31,123.39974,123.39974,-2.0,0.37368421052631584,246.79948,4844.454195989036,-1.4399999999999997,0.10000000000000003,177.69562559999997,4730.206750778947
729,2024-01-31,115.63,115.63,-1.0400000000000003,0.1,120.25520000000003,4964.709395989035,0.0,0.10000000000000003,-0.0,4730.206750778947
730,2024-01-31,99.38,99.38,0.0,0.1,-0.0,4964.709395989035,0.0,0.10000000000000003,-0.0,4730.206750778947
731,2024-01-31,94.73,94.73,0.0,0.1,-0.0,4964.709395989035,0.0,0.10000000000000003,-0.0,4730.206750778947
732,2024-01-31,80.5,80.5,1.3684210538546582,0.42500000029048135,-110.15789483529998,4854.551501153735,2.0,0.575,-161.0,4569.206750778947
733,2024-01-31,79.99,79.99,1.9999999987769208,0.9,-159.97999990216587,4694.571501251569,1.3684210526315792,0.9,-109.46000000000001,4459.746750778947
734,2024-01-31,89.5,89.5,0.0,0.9,-0.0,4694.571501251569,0.0,0.9,-0.0,4459.746750778947
735,2024-01-31,97.53,97.53,0.0,0.9,-0.0,4694.571501251569,0.0,0.9,-0.0,4459.746750778947
736,2024-01-31,103.58,103.58,0.0,0.9,-0.0,4694.571501251569,0.0,0.9,-0.0,4459.746750778947
737,2024-01-31,116.52,116.52,-1.2000000000001447,0.5842105263157513,139.82400000001687,4834.395501251586,0.0,0.9,-0.0,4459.746750778947
738,2024-01-31,115.0,115.0,0.0,0.5842105263157513,-0.0,4834.395501251586,-1.6,0.4789473684210526,184.0,4643.746750778947
739,2024-01-31,117.15,117.15,-1.839999999999855,0.1,215.55599999998304,5049.951501251569,-1.4399999999999997,0.10000000000000003,168.69599999999997,4812.442750778947
740,2024-01-31,105.0,105.0,0.0,0.1,-0.0,5049.951501251569,0.0,0.10000000000000003,-0.0,4812.442750778947
741,2024-01-31,101.37,101.37,0.0,0.1,-0.0,5049.951501251569,0.0,0.10000000000000003,-0.0,4812.442750778947
742,2024-01-31,99.38,99.38,0.0,0.1,-0.0,5049.951501251569,0.0,0.10000000000000003,-0.0,4812.442750778947
743,2024-01-31,96.2,96.2,0.0,0.1,-0.0,5049.951501251569,0.0,0.10000000000000003,-0.0,4812.442750778947
